rate_mbps,mode,n,blocked_vehicle_time_percent_mean,blocked_vehicle_time_percent_std,gap_iterations_mean_mean,gap_iterations_mean_std,handover_count_mean,handover_count_std,handovers_per_vehicle_s_mean,handovers_per_vehicle_s_std,ho_cpu_median_ms_mean,ho_cpu_median_ms_std,ho_cpu_p95_ms_mean,ho_cpu_p95_ms_std,macro_association_percent_mean,macro_association_percent_std,mean_proxy_ms_mean,mean_proxy_ms_std,p99_proxy_ms_mean,p99_proxy_ms_std,pilots_per_vehicle_slot_mean,pilots_per_vehicle_slot_std,power_w_mean,power_w_std,tolerance_stop_percent_mean,tolerance_stop_percent_std,violation_percent_mean,violation_percent_std
21.0,iter3_eps0p1,3,0.21296044667341948,0.0,2.9966329966329965,0.0,862.0,0.0,0.21296044667341948,3.3993498887762956e-17,1223.7315184126298,18.636342044470705,1648.7632486348348,19.777318887174047,0.08893939768263458,0.0,1.3503319468078612,0.00026833395325667606,1.8229749649229756,0.0005099356548477614,0.9972910009812918,0.0,46.54126374859707,0.0004377277040589355,6.7340067340067336,0.0,0.008222534200340276,0.00040773091616796194
21.0,iter5_eps0p1,3,0.2127133927909677,0.0,4.053872053872054,0.0,861.0,0.0,0.2127133927909677,0.0,1625.2221365769703,23.42071735622997,2133.551967640718,25.596683588676562,0.09140993650715219,1.6996749443881478e-17,1.3508005898350006,0.000117965574334319,1.8238950436086023,0.0004929517341647946,0.9972685994724323,1.3597399555105182e-16,46.54510662177328,0.0002510920797707871,97.64309764309765,0.0,0.009914807631564838,0.00020221766029243125
21.0,legacy,3,0.21296044667341948,0.0,2.0,0.0,862.0,0.0,0.21296044667341948,3.3993498887762956e-17,809.331115645667,2.970291905041078,1088.9986633633573,3.381292335423941,0.07905724238456407,0.0,1.349429396512207,9.244965858917353e-05,1.8214469128687092,0.00012940999475512694,0.9973714935510892,0.0,46.513916947250266,0.0002123437807667251,0.0,0.0,0.006317565371999664,0.0003361744023442991
27.0,iter3_eps0p1,3,0.24285396645008275,0.0,2.902356902356902,5.438959822042073e-16,983.0,0.0,0.24285396645008275,0.0,1563.9112563803792,5.890863429433006,1723.5739631578326,10.261310914079841,10.887664599649183,0.0,1.2674910462150504,0.00020053764145545528,1.6305719764657365,0.00021590141645101742,0.8902746773168838,1.3597399555105182e-16,113.34323232323243,0.0002419561511500004,74.07407407407408,0.0,0.007068444722627339,0.00026918299323255715
27.0,iter5_eps0p1,3,0.24161869703782393,3.3993498887762956e-17,3.3097643097643097,0.0,978.0,0.0,0.24161869703782393,0.0,1609.7193534175556,20.315635320499652,2689.2705207069716,33.59576924915063,10.867900289053042,0.0,1.267956839746972,0.0002019895441660629,1.6310743574228967,0.0004974518372305205,0.8904731791645512,1.3597399555105182e-16,113.24949270482615,0.0003649641137983883,88.21548821548821,0.0,0.0070453820579911034,0.0003925951745123242
27.0,legacy,3,0.24235985868517926,3.3993498887762956e-17,2.0,0.0,981.0,0.0,0.24235985868517926,3.3993498887762956e-17,1073.5339351619284,12.751466769282437,1171.849646853904,17.768310722968284,10.862959211404009,2.175583928816829e-15,1.2669371473298037,0.00012886115101772553,1.6308245151938665,0.00011249394729734683,0.8907297862570914,0.0,113.21265768799113,0.0006186985118268267,0.0,0.0,0.0047739088391525455,0.0005889936406352561
35.0,iter3_eps0p1,3,0.25372433727796034,0.0,3.0,0.0,1027.0,0.0,0.2537243372779603,0.0,1683.4272472187877,24.139769781000535,1868.8770804554224,47.16646868584338,15.895446796946414,0.0,627.4566795284077,0.21103479860431598,9271.631612425383,1.0410732846137465,0.8397213907611761,0.0,185.7454994388323,1.9439403004823277e-05,0.33670033670033667,0.0,34.39458293406889,0.003930491532270452
35.0,iter5_eps0p1,3,0.25421844504286384,0.0,4.494949494949495,0.0,1029.0,0.0,0.25421844504286384,0.0,2426.6319141412773,44.68245157925281,2956.742588368555,16.15065272451368,15.888035180472862,0.0,627.5961626011709,0.18744805756523142,9292.24325048923,0.37561012321214565,0.8397908236447199,0.0,185.74624691357977,3.321806640677069e-05,87.54208754208754,0.0,34.50597264695953,0.005458238921154972
35.0,legacy,3,0.25347728339550857,0.0,2.0,0.0,1026.0,0.0,0.25347728339550857,0.0,1112.6806335523725,10.267569434231808,1221.9025996203225,12.560927721746019,15.915211107542556,0.0,626.080040408311,0.22407115442728273,9387.72257918037,1.8537762526539163,0.8395098482883996,0.0,185.73111560044845,6.745220743131182e-05,0.0,0.0,34.217140901287365,0.003657759774535996
