rate_mbps,seed,mode,blocked_vehicle_time_percent,gap_iterations_mean,handover_count,handovers_per_vehicle_s,ho_cpu_median_ms,ho_cpu_p95_ms,macro_association_percent,mean_proxy_ms,p99_proxy_ms,pilots_per_vehicle_slot,power_w,tolerance_stop_percent,violation_percent
21.0,1,iter3_eps0p1,0.0,3.0,282,0.21771018296919634,1122.3357627168298,1379.7028819099064,0.0,1.3242776052935687,1.7654942132854383,1.0006177931364804,44.89668041237111,0.0,0.009145420868681938
21.0,1,iter5_eps0p1,0.0,4.237113402061856,286,0.22079827067088706,1518.186241388321,2102.168349549174,0.0,1.3246300951106589,1.7667426153853667,1.0006177931364804,44.88863917525771,95.87628865979381,0.008990394126568923
21.0,1,legacy,0.0,2.0,277,0.21385007334208292,797.9745185002685,1002.0164638757706,0.0,1.3242003335884605,1.7649873186010545,1.0006177931364804,44.90086597938142,0.0,0.009368705653964115
27.0,1,iter3_eps0p1,0.0,2.814432989690722,622,0.48019763761290823,1510.3316372260451,1596.2502021342514,10.321933142901258,1.2415040224439176,1.58076977728825,0.8971770166122525,108.28637113402074,72.16494845360825,0.00413751436872641
27.0,1,iter5_eps0p1,0.0,3.268041237113402,624,0.48174168146375357,1536.1189935356379,2546.3852889835835,10.314212923647032,1.241645787326653,1.581097850040469,0.897254538747824,108.24812371134031,84.5360824742268,0.004214449281789959
27.0,1,legacy,0.0,2.0,633,0.4886898787925577,1026.4431843534112,1077.746868878603,10.345093800663939,1.2414045535003944,1.5806089659554372,0.896947921921602,108.40185567010316,0.0,0.004522188934044151
35.0,1,iter3_eps0p1,0.0,3.0,653,0.5041303173010113,1588.8105016201735,1663.724564947188,16.590751177333438,241.57555748652013,4169.003772065227,0.8340383047293899,185.79843298969024,0.0,26.577478933873426
35.0,1,iter5_eps0p1,0.0,4.402061855670103,665,0.5133945804060835,2202.759181149304,2806.75440505147,16.58303095807921,241.94935514194688,4209.209049196,0.8341158181004464,185.79843298969024,89.69072164948454,26.54393796742578
35.0,1,legacy,0.0,2.0,663,0.5118505365552382,1054.917111992836,1110.7823874801397,16.58303095807921,242.6260869979248,4190.83466831685,0.8341158181004464,185.74746391752532,0.0,26.587145025045082
