scheme,Mbps,power_w_mean,power_w_sd,violation_percent_mean,violation_percent_sd,p90_proxy_ms_mean,p90_proxy_ms_sd,p99_proxy_ms_mean,p99_proxy_ms_sd,macro_association_percent_mean,macro_association_percent_sd,pilots_per_vehicle_slot_mean,pilots_per_vehicle_slot_sd
Prediction-input O-MAPPO,1,5.889268456375839,0.06122733749272421,0.2539279836756963,0.00701382352041366,16.043,0.00264575131106581,18.872333333333334,0.0023094010767592743,0.4611963202770461,0.06899184964994608,4.9746157902387464,0.0035867767370435177
Prediction-input O-MAPPO,3,8.75975167785235,0.01884196722322527,0.2452336153596446,0.005443773736741444,6.0071111111111115,0.0005091750772169688,7.104261417012175,0.0020948049503194213,0.42508842331585384,0.018477937663322907,4.977826951441997,0.0009366275457283633
Prediction-input O-MAPPO,5,12.384827740492172,0.012087440855956767,0.22890574157495244,0.006495254323007286,3.992066666666666,0.00011547005383765604,4.437268842429105,0.0012118323917176212,0.7582658361850365,0.013027161235208074,4.961683627560912,0.0006520183154357824
Prediction-input O-MAPPO,7,16.082221476510068,0.007286875470267073,0.23818381657487134,0.007362199687721507,3.0179523809523814,8.247860988414992e-05,3.4389910400490753,0.001934903680545337,0.7910911970588477,0.0014213798202556303,4.960069659178569,8.864445475195532e-05
Prediction-input O-MAPPO,9,19.854800894854588,0.01771602378954236,0.25136017535260075,0.006361128436867715,2.282962465371816,0.0009340989511361116,2.995355994749172,0.00025696487291408383,0.7590864702068818,0.009949658741789285,4.961686987541946,0.000505644907573797
Prediction-input O-MAPPO,11,23.750615212527965,0.01105614682678483,0.27012826403283063,0.00676166395120792,2.2335813778448412,0.00034604592763164626,2.5518308523394064,0.0011592810843223129,0.7541626660758102,0.0014213798202556303,4.961948022584518,6.368621675215096e-05
Prediction-input O-MAPPO,13,27.903617449664434,0.003963091510433993,0.2844054098586222,0.0046947154161048705,2.012025641025641,4.441155916856592e-05,2.3115815781394633,0.0012367369350676299,0.7443150578136669,0.009949658741789285,4.962482316485796,0.0004958271951280934
Prediction-input O-MAPPO,15,32.22167337807607,0.00533796465355888,0.3043105835407371,0.0021904668160960083,1.914521140399491,0.0017688337917499807,2.1232189422096037,0.0009385581146523758,0.7049246247650934,0.009949658741789285,4.964480646462466,0.0004958298120078858
Prediction-input O-MAPPO,17,36.376131991051466,0.05086315427440073,0.3361605358058606,0.003632238653554506,1.5009472785964533,0.0006188909822888131,2.0094901960784313,0.00030185890820296217,0.6909738463937237,0.019899317483578507,4.965178697332582,0.0009752564251388169
Prediction-input O-MAPPO,19,40.78503131991052,0.049244385660608306,0.3875060365848477,0.004553253732580349,1.4923433493915166,6.50465954987833e-05,1.877161072552411,0.00025094939050395343,0.6885119443281881,0.019899317483578507,4.965279809161016,0.0009752685606033755
Prediction-input O-MAPPO,21,45.72827964205817,0.03437552990993363,0.5165273997146312,0.005451407756568829,1.496136812969817,0.0007685045370630424,1.8492508517397912,0.004345963423815177,0.6967182845466408,0.0,4.9648877113655425,0.0
Prediction-input O-MAPPO,23,51.83466666666667,0.15865864282956688,0.8213769959071792,0.02245039609620627,1.4534124769313603,0.0009033427684435713,6.704452936198855,1.4538133321869708,1.0225099912192162,0.023398864947246856,4.948894979227411,0.0011608330190767324
Prediction-input O-MAPPO,25,60.71371364653245,0.22636786232962652,1.6552275499707794,0.15370207948382048,1.4172530079016818,0.00192495910762981,102.27567543580405,24.95322215742295,1.7906234356663961,0.04555073269940318,4.9107889875033335,0.0022987896045962995
Prediction-input O-MAPPO,27,77.60628859060402,2.254466301256204,2.6949290554710825,0.19949209987544445,1.3922034271219779,0.0026495911733656207,237.84414476247045,28.41538912378366,4.018644804976325,0.3966744875823145,4.79953976875482,0.019841849855630655
Prediction-input O-MAPPO,29,107.39679865771814,7.586637469338244,4.179920252946737,0.16745292423636388,1.389772297325132,0.002627699328986267,364.7579205647744,23.615385967776028,7.7385788260009685,1.3374005867272143,4.61349262372881,0.06686801625742583
Prediction-input O-MAPPO,31,140.10573154362416,2.864098710469701,4.426227353740484,0.4378287431918896,1.364542748482125,0.008215144379920339,457.93105372874606,82.23868231888363,12.196262832664516,0.5933796867962063,4.389884536313862,0.02942935653441349
Prediction-input O-MAPPO,33,162.86167337807606,3.37316503549867,4.1863006240468925,0.06101169851236656,1.2481774749389236,0.002883434140315149,410.7059689419271,77.06888469545113,15.305645141436273,0.5723962010330911,4.234736102823893,0.02882078584715827
Prediction-input O-MAPPO,35,179.3344720357942,0.9457491467844251,7.7503050266436135,1.066706830356433,1.5760266760525736,0.4273199061370185,1298.653920209597,432.2333220031694,17.463091984867507,0.15434247671049958,4.1261708273693065,0.007697663336234686
"Prediction input, no fine-tuning",1,5.639328859060402,0.2402149712694094,0.2348504794793659,0.01809407084187565,16.041,0.0030000000000001137,18.867666666666665,0.0055075705472867045,0.3774916500488277,0.011371038562044883,4.980313336584719,0.0005374949794797946
"Prediction input, no fine-tuning",3,8.16320581655481,0.04224274386431104,0.20764441592085128,0.0054651249308983055,6.004666666666666,0.0003333333333332966,7.088484501975259,0.0013824990160836526,0.38487735624543523,0.03816609945832733,4.9801524234842764,0.0018807946003930598
"Prediction input, no fine-tuning",5,12.1841677852349,0.04614891645507909,0.21145783588754474,0.006426694529837856,3.9912000000000005,5.438959822042073e-16,4.420361229080783,0.0024422084093684835,0.7205166711801537,0.018477937663322917,4.963700530344774,0.00091823490941704
"Prediction input, no fine-tuning",7,15.8221096196868,0.030413391549416764,0.22081410148298594,0.007275682009816323,3.017523809523809,0.0002182178902362106,3.4348188571405047,0.0015949012464633147,0.7073865268306294,0.009949658741789285,4.964337787323648,0.0005008040412505903
"Prediction input, no fine-tuning",9,19.80076286353468,0.040962767309252995,0.2353146028458577,0.006195007423636052,2.275510855809299,0.0008488489923988977,2.9925925925925925,0.00046259244432606445,0.7098484288961652,0.00994965874178922,4.9642120529353875,0.000502342202265784
"Prediction input, no fine-tuning",11,23.563583892617448,0.06719724077710076,0.25194486469498384,0.0073713959531128215,2.2316828604528545,0.0003585909027423832,2.5485263770989857,0.0007464874976723957,0.6515834133451505,0.027671311947754133,4.967144044252447,0.0013753259270455284
"Prediction input, no fine-tuning",13,27.762147651006714,0.009766894828141495,0.2625974782912398,0.004713744105964621,2.0117692307692305,0.0,2.3072072501220835,0.0011639213314028117,0.6335294648645543,0.009949658741789285,4.96803583204557,0.0004989456259997355
"Prediction input, no fine-tuning",15,32.53615883668905,0.013374723117641494,0.28812167296500685,0.002419950719632634,1.9009761347752836,0.00206767910916178,2.121052370392517,0.0011610880896502902,0.6507627793233052,0.009949658741789285,4.967224980382187,0.0004988928639833789
"Prediction input, no fine-tuning",17,36.68313199105145,0.02099028705148534,0.321419333299682,0.003692803209177566,1.499603405922547,0.00042811095731882295,2.009431374104049,0.0004569116299373942,0.6138342483402677,0.009949658741789285,4.968981521886846,0.000502293299070957
"Prediction input, no fine-tuning",19,41.104143176733785,0.0528028434742511,0.3763025107366573,0.0047527368759240456,1.4942724273144166,0.0008791482218027416,1.8817663037558277,0.0035790436714069106,0.6524040473669958,0.0,4.967115065458304,2.3328481106003152e-08
"Prediction input, no fine-tuning",21,46.572131991051464,0.08496071906601334,0.48252135268767793,0.009192201293726417,1.4963447425149308,0.0006223047256736289,1.8347660554231515,0.0036957513992365958,0.82719909402004,0.019540741852812165,4.95871481988834,0.0009531601441821727
"Prediction input, no fine-tuning",23,57.78994407158837,2.1773302779006234,0.7059971000697421,0.03625182942018332,1.4506042368081138,0.0015766297098452186,2.086324939590031,0.08626969752330756,2.294492725079396,0.4996326979339802,4.88465937449048,0.025325342546741937
"Prediction input, no fine-tuning",25,70.34650111856824,1.3697892815960993,1.043535983668657,0.07524038605780961,1.4083279206963812,0.0011278092344023565,24.43121238450082,6.0550818489867995,4.084295526723948,0.2620393787370534,4.795144198111095,0.013480091171261602
"Prediction input, no fine-tuning",27,103.49058389261745,4.495783762430078,1.28923907258733,0.13127204682128513,1.3742989182391938,0.00045633457570787994,49.19677073450246,12.707887986742005,9.1927423127108,0.8308655040457541,4.539858641398236,0.04226317053958915
"Prediction input, no fine-tuning",29,136.5391230425056,2.9170398407337434,1.5762601407860994,0.16451825286773658,1.357640010239239,0.0036708455788789164,91.37916929917849,23.20614860843666,13.60857398426024,0.4192058517939724,4.31964638147361,0.02078021471375049
"Prediction input, no fine-tuning",31,175.66136465324385,1.7026436325621017,2.1531681076710742,0.2188553012739909,1.3260719981997664,0.006036259656314912,173.99215397546982,31.73557612752835,18.584898692730004,0.23880450035697634,4.0702001824071,0.012025088237398587
"Prediction input, no fine-tuning",33,181.5720313199105,0.06989873837283472,5.132564758051664,0.9556085126544902,1.31494423386773,0.045151843877851934,1208.4808520736103,822.445625065626,18.631674831975186,0.06624300966086652,4.067733568999032,0.003110691791946903
"Prediction input, no fine-tuning",35,180.73625503355706,1.564525571423093,7.030478918022971,0.4212484433485609,1.3088201818618577,0.030462075942028197,1570.119933038637,249.1041920810671,17.335893711481493,0.2892743657140598,4.131991905498434,0.014616120906154264
True-CSI cross5 O-MAPPO,1,1.8591096196868049,0.0073051967416324195,0.0015628387288794253,0.0005834707528160312,16.176666666666666,0.007371114795832247,18.851666666666667,0.0015275252316538136,0.08124276816268249,0.021320697303834128,4.995350273846314,0.001051208027959981
True-CSI cross5 O-MAPPO,3,4.841246085011189,0.004843230980083764,0.0,0.0,6.026423540317157,0.0004751105079089957,7.091068056758137,0.0010069236152682366,0.09355227849036167,1.6996749443881478e-17,4.994992866585506,6.594270510869075e-06
True-CSI cross5 O-MAPPO,5,8.199948545861302,0.0025288509857991554,0.0,0.0,3.999,0.0,4.413352452519185,0.0018265243102607062,0.06893325783500333,0.0,4.996214126241781,6.74490894512364e-06
True-CSI cross5 O-MAPPO,7,11.590120805369127,0.005301694833686164,0.0,0.0,3.0241904761904763,8.247860988414992e-05,3.4187723754345094,0.0003592673358539477,0.06893325783500333,0.0,4.996215829991761,8.760913732278945e-06
True-CSI cross5 O-MAPPO,9,15.3362639821029,0.00906345047752184,0.0,0.0,2.292760199403557,0.0005924446191835738,2.9888518518518516,0.00012830005981998818,0.06893325783500333,0.0,4.996210338997333,8.665941603755464e-06
True-CSI cross5 O-MAPPO,11,18.91202684563757,0.01479336982638355,0.0,0.0,2.2451096805033264,0.00047611797989501324,2.534207224895528,0.0004439229700765106,0.06893325783500333,0.0,4.996204712162988,8.6531116169843e-06
True-CSI cross5 O-MAPPO,13,22.663331096196853,0.017619065868124555,0.0,0.0,2.012871794871795,8.882311833687544e-05,2.2895014025987197,0.000665277391955983,0.06893325783500333,0.0,4.996204475422728,8.734282494070865e-06
True-CSI cross5 O-MAPPO,15,26.983156599552586,0.015082711666763747,8.224766416633767e-06,1.4245713313995895e-05,1.9606007802190852,0.0007114408065599866,2.0959680887439376,3.2596322418261405e-05,0.06893325783500333,0.0,4.996204107149853,8.666195692408561e-06
True-CSI cross5 O-MAPPO,17,31.054295302013415,0.06026642685032685,0.006250822476641663,0.0031364842357001483,1.4868386822372877,0.0005383993833606351,2.0001568627450976,8.985442539128678e-05,0.08206340218452778,0.02274207712408974,4.995544173544339,0.0011364261158890096
True-CSI cross5 O-MAPPO,19,34.94460178970912,0.11820645181552364,0.022979997368074743,0.0033327967320977785,1.4725673181402854,0.00019023276423145243,1.7718964898877438,0.0009685017256718436,0.08862847435929,0.03411311568613461,4.995223862928897,0.0016908215557824284
True-CSI cross5 O-MAPPO,21,39.82427964205818,0.011730453801399606,0.0705541031210504,0.010125263294404665,1.4818406191580573,0.00027240608655415246,1.7175727047930394,0.0018303182517821967,0.14935539197584055,0.0071068991012780405,4.992299547087254,0.00035774322818240515
True-CSI cross5 O-MAPPO,23,47.71148769574946,0.7726875557695944,0.23928647055442206,0.011802247191595908,1.438858157604353,0.0007613088474500954,1.6930061604815665,0.005490184735591044,0.8058626094520626,0.19775577292969712,4.959627009802641,0.010240762907249483
True-CSI cross5 O-MAPPO,25,65.3435346756152,0.6816274171302646,0.3213343837203089,0.024273811622027033,1.38827392801859,0.0010160462170119703,1.6432758116880588,0.009955574828280559,3.629664278621663,0.15512587981488835,4.818284114255928,0.008059046004275764
True-CSI cross5 O-MAPPO,27,93.61603131991056,7.884267135285522,0.6282044830223718,0.09691374262578506,1.3589307130286612,0.0013094272268303327,2.011603671964206,0.3367706398844243,7.836234274600557,1.3686249220428217,4.607271883982372,0.0686817745021269
True-CSI cross5 O-MAPPO,29,127.78004921700206,7.262194528447096,1.0077215516276616,0.07710430360999312,1.3484970422182985,0.0017410383527732953,21.7339568547692,5.827501341804544,12.349721394749585,1.1947008127077474,4.382335394954605,0.059373421202955495
True-CSI cross5 O-MAPPO,31,173.2976935123041,2.3535716986821646,1.2412005567527835,0.07006617971848171,1.285187933930571,0.007767537117134832,46.86166803424936,10.111819665507863,18.442108372928924,0.3678381584109856,4.077299356122872,0.018450779504171375
True-CSI cross5 O-MAPPO,33,181.86976510067097,0.42809309947161855,3.3861160706016356,0.3917652453599915,1.2361324631814907,0.016256672301059736,357.99853013285593,122.73121872502054,18.64316370828102,0.07913907909264958,4.067246751050817,0.003858783541053377
True-CSI cross5 O-MAPPO,35,179.84134228187898,1.7495751099116392,5.892709638345903,0.25985273045538954,1.2521734408137462,0.011742811012724149,835.9529116288255,102.57864263114756,17.173408175156126,0.37037787230595764,4.140231313884651,0.018511506000451854
MEET-COBRA,1,5.4388008948545865,0.00031223084590827695,0.2505673784572424,0.0008316863981845469,16.953,0.0,18.932333333333336,0.0005773502691882802,0.07139515990053916,0.0,1.065723358267132,3.996994205777772e-05
MEET-COBRA,3,7.952653243847874,0.0006939848285588741,0.21648853689758948,0.00023603577972096634,6.302185628384206,0.0006150966900803813,7.971333333333334,0.00033333333333285253,0.07385706196607499,0.0,1.064930755383631,4.2072776299416236e-05
MEET-COBRA,5,10.947901565995528,0.0011211335237438385,0.2168037173086735,6.160620421438858e-05,4.027,0.0,5.0148,0.0,0.07631896403161083,0.0,1.0644871192353318,4.497057812357169e-05
MEET-COBRA,7,13.945107382550338,0.001761140836015171,0.2155181429978006,7.564273904192124e-05,3.0441912618140425,0.00012541490072178518,3.598787412041872,0.0009328519982444161,0.08124276816268249,0.0,1.0642090256895242,4.6556252165412174e-05
MEET-COBRA,9,16.913731543624163,0.002123257014690914,0.21450206174218356,0.0003233150284841849,2.460410320026739,0.0008299934417675788,3.061451188074228,0.00043775361694409,0.08124276816268249,0.0,1.0641494523918313,4.776263693316101e-05
MEET-COBRA,11,19.821794183445192,0.0028269642904330695,0.21854219139090816,0.00022857416115434025,2.285908573429897,0.00019640919254417611,2.6088842389380815,0.00018283220877398406,0.08616657229375417,1.6996749443881478e-17,1.0639024593728323,4.716854633435675e-05
MEET-COBRA,13,23.328324384787475,0.0014528354166457181,0.22257401881444328,0.0001622022727007454,2.0648796568976704,0.00018618046820128466,2.4192025926469625,0.00011433876451193868,0.08862847435928999,0.0,1.0638006719466937,4.548510488410043e-05
MEET-COBRA,15,26.847890380313203,0.0012471368648228958,0.22613032333880057,0.00010939106789040049,2.001203334876879,5.776176191572071e-06,2.188967251924693,0.00028856648133781366,0.09109037642482581,0.0,1.063783886342416,4.5485104884005285e-05
MEET-COBRA,17,30.382798657718126,0.004155527804361556,0.23107887810445185,2.4667038732828285e-05,1.6933884076440269,0.00021372729640159636,2.0554705671101394,0.0004910901948894869,0.09109037642482581,0.0,1.0637870113037184,4.636010670781649e-05
MEET-COBRA,19,33.79625950782997,0.00397938662605414,0.24028133732629034,0.0002147051059246162,1.4607241267168989,9.612035695887543e-05,1.9968070175438595,0.00018483603075191408,0.10339988675250499,0.0,1.0631316145060012,6.025546931368972e-05
MEET-COBRA,21,38.123653243847876,0.0011709886890446427,0.2534847390717379,0.000804927952495887,1.4741803160156826,1.0818873819824558e-05,1.8206505426583133,0.00027834744797927626,0.14032841773554247,0.0,1.0654817211087606,7.150146749046555e-05
MEET-COBRA,23,46.17299552572707,0.03234433697123027,0.24117024747241053,0.00644015571098034,1.4614679845770076,0.00024952741745813613,1.7679857327365749,0.0021915769425054485,0.880540305439983,0.002842759640511197,1.0595251165484252,8.452733517999175e-05
MEET-COBRA,25,66.28335123042505,0.004342029459240779,0.18954989362275265,0.0010163755922361207,1.409067980228401,0.00013401824834467774,1.6615434806316742,0.00046349718309347164,4.355104753932888,0.0,1.0186095893607467,7.002883367533351e-05
MEET-COBRA,27,95.02902908277406,0.004334366889546303,0.1611317170333554,0.000984865000008575,1.366398546063527,5.790525134758547e-05,1.5875084033298528,0.00042738775319205646,9.00317585366454,0.0,0.9664582225564703,5.6350674695333146e-05
MEET-COBRA,29,127.74586577181209,0.004913141327566413,0.19387001953553543,0.0002685407523826157,1.3402841427610763,6.941054025453e-05,1.5420367408740887,0.0007171529435999521,13.61185652034762,0.0,0.9161775173036991,4.3611504407674774e-05
MEET-COBRA,31,157.63031096196866,0.00828323967520056,0.27438323787223884,0.0008377839596073259,1.3241707045028521,0.00018048172530549844,1.5437914475531498,0.0007129754437533902,17.129914571998327,0.0,0.8773915247347907,6.31781202349298e-05
MEET-COBRA,33,172.81369351230424,0.005660743947665798,0.5237801850023086,0.0015367379564497584,1.240949129263145,0.00037357987585349864,5.000454829938863,0.0026354613691224765,17.964499372214974,0.0,0.8682341857854525,6.002072751209789e-05
MEET-COBRA,35,175.79630201342283,0.0070961499669712,1.1497392059940748,0.006220391288821295,1.1772575097455864,7.274064591625765e-05,29.496711254525184,0.5383435333713014,16.876338659248134,0.0,0.8797709494847096,4.9989190485198746e-05
Oracle-MC,1,1.7245861297539156,0.0006454943168471915,0.026923130134841294,0.0017928929987053018,16.95266666666667,0.0005773502691903314,18.913333333333334,0.0005773502691903314,0.06893325783500333,0.0,0.9973228046966454,0.0
Oracle-MC,3,4.350011185682328,0.000379970894775179,0.0,0.0,6.319445386659827,0.000777605539388369,7.954068247418239,0.000567382356311233,0.06893325783500333,0.0,0.9973310877504978,0.0
Oracle-MC,5,7.387017897091724,0.00027098917053983363,0.0,0.0,4.028266666666666,0.00011547005383765604,5.009333333333333,0.00023094010767633766,0.06893325783500333,0.0,0.9973159022820816,0.0
Oracle-MC,7,10.432219239373604,0.0010620650747605724,0.0,0.0,3.040933747397728,7.198897683980756e-05,3.570354101101215,0.001076680666439973,0.06893325783500333,0.0,0.9973112362896623,0.0
Oracle-MC,9,13.514266219239374,0.0010432158577475129,0.0,0.0,2.4779582025511186,0.0001588564164414837,3.0488999277430247,0.00011529742610353615,0.06893325783500333,0.0,0.9973112362896623,0.0
Oracle-MC,11,16.40756823266219,0.0007485954697941507,0.0,0.0,2.2845682359627233,0.00036830310133694724,2.58314871564674,0.0002962263011685579,0.06893325783500333,0.0,0.99730645097102,1.3597399555105182e-16
Oracle-MC,13,20.11129530201342,0.0014123331491171854,0.0,0.0,2.0775156991933845,0.000826980766262915,2.4054024215958125,0.00018641358729779868,0.06893325783500333,0.0,0.9973112448348741,0.0
Oracle-MC,15,23.749970917225955,0.0023655822032011818,0.0,0.0,2.0023333333333335,0.0,2.17335083863238,0.0002869087220280224,0.06893325783500333,0.0,0.9973112448348741,0.0
Oracle-MC,17,27.418809843400464,0.003987392485118661,0.0018670219765758653,0.00012171542790950085,1.707730851955529,0.000300471735638469,2.0381529960991775,0.00027090337635589097,0.06893325783500333,0.0,0.9973112275907597,1.3597399555105182e-16
Oracle-MC,19,30.7128769574944,0.0014215572052392305,0.013348795894196604,0.0001373806840414034,1.4599206907170545,0.0004988591467807372,1.9870922073039772,0.00013369889915078626,0.06893325783500333,0.0,0.9973491060965131,0.0
Oracle-MC,21,34.694483221476496,0.0013751512440824361,0.03241380444795368,0.00036625615341183296,1.4695030195543535,5.1261422526837245e-05,1.7564664289950622,0.0007042087873148838,0.06893325783500333,0.0,0.9972902039371688,0.0
Oracle-MC,23,39.46427293064877,0.008112298870870099,0.0574828924858534,0.0006539077250395131,1.466195895591852,0.0002887607059096506,1.7103528637025367,0.0014866933737808508,0.07385706196607499,0.0,0.9970636656249746,0.0
Oracle-MC,25,46.74687248322147,0.002434225504835435,0.0707576654823003,0.0016460427041257773,1.4195895722002045,7.120072867578342e-05,1.6630976529653616,0.00047191217846338486,0.6499421453014599,0.0,0.9912795277566026,0.0
Oracle-MC,27,65.99558612975392,0.006923105341179854,0.09057935254638767,0.0008831193332102847,1.3726914523089284,0.00010269244435138219,1.5970112180423135,0.0006510234460151114,3.5500627785026713,0.0,0.9630643493251237,0.0
Oracle-MC,29,94.87225950782998,0.003448608809654234,0.08852316094222924,0.0009006400891892161,1.3439815637396508,6.300783837587956e-05,1.5296381424022547,0.00011679064506327066,7.971638888205027,0.0,0.9192610712762987,0.0
Oracle-MC,31,126.62827964205816,0.007074278646943514,0.11606720862085264,0.0015390442551158707,1.3256430659070757,4.3260750453080066e-05,1.4918308618609304,0.00016886702236422197,12.215958049188805,2.175583928816829e-15,0.8769516447364006,0.0
Oracle-MC,33,157.36616554809845,0.005677536338065016,0.2902862773671455,0.002730076932541794,1.2144962360201819,0.0007322818780364005,1.499092392448593,0.0008136993991384067,15.75617321942933,0.0,0.8415001742950808,1.364378176533865e-06
Oracle-MC,35,174.73486800894855,0.11005485738214697,0.8171354219479552,0.007244725135787205,1.1697404763925676,0.000190030135175494,10.755511553111347,0.36195528126668997,16.927217968602545,0.01989931748357934,0.8294043159281071,0.00019362880523987543
Formal O-MAPPO,1,6.047847874720357,0.037284348218845,0.020379232253143004,0.005477837366945316,15.788583337797624,0.010381279761869758,18.680666666666667,0.020033305601756996,0.3815948201580541,0.05805079456683619,1.005108528446107,0.0005924989214755456
Formal O-MAPPO,3,12.397167785234894,0.08538473038157349,0.012712668960201531,0.00098471403877277,5.942247751148461,0.0018846749216828347,7.047961832648968,0.0011891334136465601,0.6417358050830071,0.03351564186983452,1.0022035550702082,0.00035765839631374686
Formal O-MAPPO,5,17.59816778523488,0.04776379081087858,0.04628767297153272,0.0007232772774102167,3.85988803538946,0.004139247819239524,4.354531775879911,0.001461529531106759,1.129192414059102,0.017291831823945714,0.9973745182545493,0.00017637295301756645
Formal O-MAPPO,7,24.18371812080534,0.03462925702490743,0.05547685973698882,0.00039396377124021757,2.9927142857142854,0.0,3.348710615838643,0.0007377868429869165,1.7233314458750832,0.008528278921533655,0.9914266926454873,0.00010398701942417672
Formal O-MAPPO,9,29.783246085011154,0.12973277103433004,0.0792869901472414,0.02022234051667661,2.186246516324059,0.00020369685072060866,2.9932781723138198,0.0009149195484483775,1.7036362293507965,0.029848976225367783,0.9916659603109631,0.0003053072540510309
Formal O-MAPPO,11,36.59644742729302,0.04858344543532843,0.049141233774678515,0.0032238716678323802,2.137988367352832,0.0001821849890545624,2.514327642301433,0.0006085444978741138,1.9317724874237836,0.009949658741789285,0.9893970572748371,9.66947393093444e-05
Formal O-MAPPO,13,43.77610290827741,0.07252513495275499,0.08722655421132401,0.0009723160377633004,2.00325641025641,8.882311833687544e-05,2.3207339594208816,0.0008440323954016204,2.420049730421724,0.012792418382300417,0.9844549638970791,0.00012643656279294967
Formal O-MAPPO,15,52.62282102908284,0.029813762370884612,0.18700070685286285,0.001325891920397918,1.7767402305310391,0.0007746529420903667,2.1706665955551787,0.0005235417001646992,3.0929696283348513,0.007106899101277896,0.9777737891550614,7.481628534616634e-05
Formal O-MAPPO,17,63.358617449664564,0.08047157416695248,0.4757607191875411,0.008739232336590613,1.520750674092996,0.0016419080725801505,2.9963529411764704,0.007060539007233352,4.755574156593384,0.035019060527260344,0.9611301157766214,0.00033863766405364495
Formal O-MAPPO,19,77.67433333333337,2.2516320088585906,0.8300472304329555,0.13503119206818093,1.4854871070801199,0.004152415414460589,12.33402517609064,5.026863982710349,7.125565211682546,0.5783653697921206,0.9374137122156431,0.005769298282249388
Formal O-MAPPO,21,104.15209619686783,3.439092400002695,1.3274942382465729,0.039567835365775045,1.4951326471812418,0.005016310013891621,40.85462784485029,2.834174593072262,11.826977522834142,0.8003226724135866,0.8903339849374862,0.008062714165483771
Formal O-MAPPO,23,135.92916554809827,1.4888622501692341,1.9736568062126771,0.14915721546376298,1.4679951657251387,0.005997288848195026,93.99503749218464,10.405647402239202,17.030617855355047,0.39098022633027996,0.8374225844807152,0.003993706576783982
Formal O-MAPPO,25,151.4818277404919,0.9880572350756196,4.157776932643434,0.2829752687122552,1.4906740576003887,0.010748041771138236,467.74411990197353,49.04881946594448,19.40963588468451,0.2474058467763943,0.813257577329332,0.0024836788173928847
Formal O-MAPPO,27,167.89647651006672,1.4567897307058748,6.868179351934304,0.0560673047967864,1.9928037037037047,0.004344536009895001,1363.7572441454029,72.36917026743177,21.54328434148223,0.6300609764492816,0.791184411977056,0.006320830144411575
Formal O-MAPPO,29,176.84526174496605,1.1064849581916572,9.965847284341733,0.20410905806780488,20.91391657997329,2.6794528101446997,2573.2926354007654,513.9284788787722,22.26215974461869,0.34622198290891526,0.7837413606325042,0.003498976300318041
Formal O-MAPPO,31,183.78946532438434,0.20098531155575336,13.51630903713306,0.22588626746417637,87.71659658380177,7.935011854823131,3479.0480539002,444.83161615862974,22.794751224796283,0.03908148370562525,0.7783604903637015,0.00036773791756416737
Formal O-MAPPO,33,185.17199776286313,0.061820388110805265,17.21144059128035,0.28326680237525054,204.17201312280227,11.727258701871012,5545.384423686132,199.3088698150094,23.404482303027322,0.04187646445316466,0.7723986693756687,0.00031809965224450316
Formal O-MAPPO,35,185.2769530201338,0.08501492806431712,22.982117185503743,0.4481420850335683,526.4557500133527,37.94364269628852,8026.632112599022,924.2604542094309,23.91327539657139,0.1263589872145065,0.767506805251711,0.0012753340150627062
