rate_mbps,seed,method,blocked_vehicle_time_percent,handovers_per_vehicle_s,macro_association_percent,mean_proxy_ms,p90_proxy_ms,p99_proxy_ms,pilots_per_vehicle_slot,power_w,violation_percent
1,1,meet_cobra,0.20113739875427755,0.20113739875427755,0.004923804131071666,9.406847789022283,16.067,18.879,1.088283387910656,4.925791946308721,0.19511077627976614
1,1,mts,0.029296634579876413,0.029296634579876413,0.5883945936630641,9.32375315053816,16.465038899773827,18.876,1.5522645370263817,2.552724832214766,0.038257333290350685
1,1,oracle_mc,0.17159457396784755,0.17159457396784755,0.0,9.537759437320275,16.836,18.89,0.9982853849671349,1.7737852348993324,0.01979351436164612
1,1,report_unbounded,0.3759324454073217,0.3759324454073217,9.293680297397769,9.21151863478142,16.046999999999997,18.884,0.9405414116264914,6.741389261744968,0.22545994991177773
1,1,report_bounded,0.16150077549915065,0.16150077549915065,3.35557251532534,9.680392389200694,16.189,18.9,1.0039716012373223,5.740080536912752,0.23266454238537176
13,1,meet_cobra,0.20409168123292054,0.20409168123292054,0.03692853098303749,2.0687309288760884,1.999378463998696,2.3215751904155715,1.0879911479372115,29.664255033557033,0.24215463559316494
13,1,mts,0.02166473817671533,0.02166473817671533,2.7179398803515595,1.6045117166918583,2.0256489611572515,2.979816606738658,1.5189512239057212,35.44342953020129,0.0378485667384541
13,1,oracle_mc,0.16691696004332948,0.16691696004332948,0.0,1.5568439065840733,2.0198262073286872,2.3041305242218657,0.998333639455597,26.323577181208034,0.0
13,1,report_unbounded,0.07237992072675349,0.07237992072675349,5.088751569462567,2.202544437735349,2.0109367510069664,2.3138899388260024,0.986871970024965,41.47473825503356,0.227191354619908
13,1,report_bounded,0.03939043304857333,0.03939043304857333,0.942908491100224,2.169749696812036,2.007608182560993,2.299508745970073,1.0298786923601135,31.920382550335574,0.20938274106873608
23,1,meet_cobra,0.32374012161796206,0.323740121617962,4.150766882493414,2.0221647363895072,1.5445312667455968,10.693909490564206,1.0448436955709974,72.26136241610756,0.7177766418106302
23,1,mts,0.03742091139614466,0.03742091139614466,9.079494817696151,3.138200634929659,1.5639617394270384,22.620782117158473,1.4193483300963818,93.4676375838926,1.074684255740981
23,1,oracle_mc,0.28779635146113886,0.28779635146113886,2.402816415962973,1.3713151429087944,1.5438434632534088,2.791699951109865,0.9743830674690374,63.16512751677866,0.07025210518375039
23,1,report_unbounded,0.04849947069105591,0.04849947069105591,8.939166399960609,3.5326987915406165,1.5391127699664962,1.9297840356474878,0.9467643718044952,92.59221476510066,0.7170952683633984
23,1,report_bounded,0.046037568625520074,0.046037568625520074,9.022871070188828,3.58168798381367,1.542279544594868,3.280486521595858,0.94585089382074,93.0243422818792,0.8050292155502277
29,1,meet_cobra,0.2831187375366208,0.2831187375366208,16.681848396070805,2.1345686796425287,1.4351439005688604,14.515393966111327,0.9031086234860424,156.60289932885897,0.8546529341134448
29,1,mts,0.09453703931657599,0.09453703931657599,16.841872030330634,13.145747451169386,1.4836472888452015,372.7397724599006,1.2975684213521488,158.6124697986574,3.746701463330915
29,1,oracle_mc,0.21910928383268913,0.21910928383268913,15.517368719072355,1.5100462242513368,1.4312393371784422,2.0873792409828114,0.8442192918037974,147.90385234899333,0.22717577240543904
29,1,report_unbounded,0.10832369088357666,0.10832369088357664,16.691696004332947,10.99878710140986,1.451947703998515,337.7940145776551,0.8661061536453376,157.50328187919465,3.007443362250392
29,1,report_bounded,0.1061079790245944,0.1061079790245944,16.580910411383837,9.74801654419181,1.449637748930909,284.58227392404655,0.8672646742942421,156.82236241610735,2.6752068077645434
