rate_mbps,mode,n,blocked_vehicle_time_percent_delta_mean,gap_iterations_mean_delta_mean,handover_count_delta_mean,handovers_per_vehicle_s_delta_mean,ho_cpu_median_ms_delta_mean,ho_cpu_p95_ms_delta_mean,macro_association_percent_delta_mean,mean_proxy_ms_delta_mean,p99_proxy_ms_delta_mean,pilots_per_vehicle_slot_delta_mean,power_w_delta_mean,tolerance_stop_percent_delta_mean,violation_percent_delta_mean
5.0,iter10_off,1,-0.005404153477958751,8.0,-7.0,-0.0054041534779587785,2002.2585960105062,2103.9976071566343,0.0,-0.00020563585280086727,-0.0031927681901517957,5.408837436204905e-05,-0.0003298969072158542,0.0,0.0
5.0,iter1_off,1,0.006176175403381473,-1.0,8.0,0.006176175403381445,-250.08821487426758,-254.47346251457932,0.0,-0.0005438880923342992,0.002107541709426286,-6.160669050947476e-05,0.008247422680412342,0.0,0.0
5.0,iter2_off,1,0.0,0.0,0.0,0.0,-0.6585670635104179,7.046882621943951,0.0,0.0,0.0,0.0,0.0,0.0,0.0
5.0,iter3_eps0p1,1,-0.005404153477958751,1.0,-7.0,-0.0054041534779587785,240.6975757330656,260.0635292008519,0.0,0.00032767910688580315,-0.0010122996664598816,5.414709661299977e-05,0.00022680412370945646,0.0,0.0
5.0,iter3_eps0p5,1,-0.005404153477958751,1.0,-7.0,-0.0054041534779587785,249.95722528547049,257.8409541398287,0.0,0.00032767910688580315,-0.0010122996664598816,5.414709661299977e-05,0.00022680412370945646,88.65979381443299,0.0
5.0,iter3_eps1,1,-0.005404153477958751,1.0,-7.0,-0.0054041534779587785,250.47641526907682,266.73118229955435,0.0,0.00032767910688580315,-0.0010122996664598816,5.414709661299977e-05,0.00022680412370945646,100.0,0.0
5.0,iter3_off,1,-0.005404153477958751,1.0,-7.0,-0.0054041534779587785,237.6076765358448,245.41668575257063,0.0,0.00032767910688580315,-0.0010122996664598816,5.414709661299977e-05,0.00022680412370945646,0.0,0.0
5.0,iter5_eps0p1,1,-0.005404153477958751,2.020618556701031,-7.0,-0.0054041534779587785,533.3219328895211,560.0114673376081,0.0,-0.00020563585280086727,-0.0031927681901517957,5.408837436204905e-05,-0.0003298969072158542,100.0,0.0
5.0,iter5_off,1,-0.005404153477958751,3.0,-7.0,-0.0054041534779587785,739.9728782474995,767.7254866808653,0.0,-0.00020563585280086727,-0.0031927681901517957,5.408837436204905e-05,-0.0003298969072158542,0.0,0.0
21.0,iter10_off,1,0.0007720219254226668,8.0,1.0,0.0007720219254226945,3029.2893880978227,3751.416215114296,0.0,0.004325877427517888,0.004370813344413582,-8.499182240773173e-06,-0.014515463917526006,0.0,0.010553217488840349
21.0,iter1_off,1,0.003860109627113417,-1.0,5.0,0.003860109627113417,-368.18630900233984,-460.0563531741497,0.00772021925422682,-0.011236468556127255,-0.01831296726612841,-0.00010721645460887164,0.16595876288658218,0.0,-0.007020549005634112
21.0,iter2_off,1,0.0,0.0,0.0,0.0,-11.738469824194908,-19.6775125339625,0.0,0.0,0.0,0.0,0.0,0.0,0.0
21.0,iter3_eps0p1,1,-0.002316065776268056,1.0,-3.0,-0.002316065776268056,380.1294732838869,447.04054892063175,0.0,0.0028173348914408702,0.004241336091728831,2.308302593956313e-05,-0.009154639175257273,0.0,0.00496940501648299
21.0,iter3_eps0p5,1,-0.002316065776268056,1.0,-3.0,-0.002316065776268056,386.39238104224205,450.55155903100956,0.0,0.0028173348914408702,0.004241336091728831,2.308302593956313e-05,-0.009154639175257273,67.0103092783505,0.00496940501648299
21.0,iter3_eps1,1,-0.002316065776268056,1.0,-3.0,-0.002316065776268056,401.27704199403524,467.36467815935623,0.0,0.0028173348914408702,0.004241336091728831,2.308302593956313e-05,-0.009154639175257273,87.62886597938144,0.00496940501648299
21.0,iter3_off,1,-0.002316065776268056,1.0,-3.0,-0.002316065776268056,386.1539624631405,450.8297495543958,0.0,0.0028173348914408702,0.004241336091728831,2.308302593956313e-05,-0.009154639175257273,0.0,0.00496940501648299
21.0,iter5_eps0p1,1,0.0007720219254226668,2.175257731958763,1.0,0.0007720219254226945,785.8922900632024,1047.1871279180036,0.0,0.004325877427517888,0.004370813344413582,-8.499182240773173e-06,-0.014515463917526006,96.90721649484536,0.010553217488840349
21.0,iter5_off,1,0.0007720219254226668,3.0,1.0,0.0007720219254226945,1139.5730478689075,1417.7510241046548,0.0,0.004325877427517888,0.004370813344413582,-8.499182240773173e-06,-0.014515463917526006,0.0,0.010553217488840349
27.0,iter10_off,1,0.0007720219254226945,8.0,1.0,0.000772021925422639,4009.8821511492133,4259.9031701684,0.023160657762680614,6.522088038307672e-05,-1.882421015442226e-05,-0.0002385560762964145,0.10797938144328612,0.0,0.00038467456531774205
27.0,iter1_off,1,0.0,-1.0,0.0,0.0,-479.15775794535875,-495.8300730213522,0.06176175403381379,-0.00031545173697389295,0.00034231777338677993,-0.0012428806563210548,0.30020618556704903,0.0,7.69349130635491e-05
27.0,iter2_off,1,0.0,0.0,0.0,0.0,3.850966691970825,18.197900429368133,0.0,0.0,0.0,0.0,0.0,0.0,0.0
27.0,iter3_eps0p1,1,0.0023160657762680836,0.7731958762886597,3.0,0.002316065776268028,482.4139382690191,549.7609339654447,0.04632131552536123,-0.00016095385357473013,-0.0004437941946102697,-0.001099635761923734,0.2314845360824762,78.35051546391753,0.00015386982612709647
27.0,iter3_eps0p5,1,0.0023160657762680836,0.20618556701030943,3.0,0.002316065776268028,34.130098298192024,501.17378775030386,0.05404153477958751,-9.097556910031557e-05,-0.0002563880437573829,-0.001177677633237395,0.2665979381443293,87.62886597938144,0.00015386982612709647
27.0,iter3_eps1,1,0.0023160657762680836,0.18556701030927814,3.0,0.002316065776268028,28.38128712028265,517.9316965863107,0.05404153477958751,-9.097556910031557e-05,-0.0002563880437573829,-0.001177677633237395,0.2665979381443293,87.62886597938144,0.00015386982612709647
27.0,iter3_off,1,0.0023160657762680836,1.0,3.0,0.002316065776268028,497.0526099205017,543.0747786536814,0.04632131552536123,-0.00016095385357473013,-0.0004437941946102697,-0.001099635761923734,0.2314845360824762,0.0,0.00015386982612709647
27.0,iter5_eps0p1,1,0.003088087701690778,1.1134020618556701,4.0,0.0030880877016907227,504.21257596462965,1464.358052238822,0.03860109627113317,2.147469211633002e-05,-0.0006543090265367368,-0.0010315012984167815,0.19350515463916906,87.62886597938144,0.00015386982612709647
27.0,iter5_off,1,0.003088087701690778,3.0,4.0,0.0030880877016907227,1505.5804420262575,1592.7996261045337,0.03860109627113317,2.147469211633002e-05,-0.0006543090265367368,-0.0010315012984167815,0.19350515463916906,0.0,0.00015386982612709647
35.0,iter10_off,1,0.006176175403381445,8.0,8.0,0.006176175403381445,4272.416155785322,4540.6579645350575,-0.12352350806762757,2.9704543560826266,218.76193848417006,0.0012067179063541822,-0.03115463917526995,0.0,-0.0624234638809682
35.0,iter1_off,1,0.030108855091484588,-1.0,39.0,0.030108855091484643,-534.3288294970989,-550.4097467288375,0.04632131552536123,2.187571735314549,132.49772723275873,-0.0006020711179637317,0.02888659793816828,0.0,-0.1621036414224477
35.0,iter2_off,1,0.0,0.0,0.0,0.0,-12.64558918774128,-12.250743433833122,0.0,0.0,0.0,0.0,0.0,0.0,0.0
35.0,iter3_eps0p1,1,0.004632131552536112,1.0,6.0,0.004632131552536112,520.2720444649458,541.543785482645,-0.10036285030494696,2.7000055988488896,183.6457951130733,0.000981043953224181,-0.025896907216491627,0.0,-0.1993833993187586
35.0,iter3_eps0p5,1,0.004632131552536112,1.0,6.0,0.004632131552536112,523.4881928190589,555.3754523396492,-0.10036285030494696,2.7000055988488896,183.6457951130733,0.000981043953224181,-0.025896907216491627,56.70103092783505,-0.1993833993187586
35.0,iter3_eps1,1,0.004632131552536112,1.0,6.0,0.004632131552536112,520.2316353097558,566.8041374534369,-0.10036285030494696,2.7000055988488896,183.6457951130733,0.000981043953224181,-0.025896907216491627,56.70103092783505,-0.1993833993187586
35.0,iter3_off,1,0.004632131552536112,1.0,6.0,0.004632131552536112,520.4987321048975,570.3975018113852,-0.10036285030494696,2.7000055988488896,183.6457951130733,0.000981043953224181,-0.025896907216491627,0.0,-0.1993833993187586
35.0,iter5_eps0p1,1,0.010808306955917557,2.4329896907216497,14.0,0.010808306955917557,1166.4758678525686,1663.1143122911449,-0.10808306955917502,2.847693702386522,208.88681858710424,0.0010274923771558253,-0.031051546391751117,88.65979381443299,-0.04306881689408826
35.0,iter5_off,1,0.006176175403381445,3.0,8.0,0.006176175403381445,1540.5505690723658,1610.1459121331573,-0.10808306955917502,2.9664552920360734,218.53703910270906,0.0010503457338477684,-0.031051546391751117,0.0,-0.07622970408040075
