rate_mbps,seed,ho_ms,method,bs,violation_contribution_pp,power_w
27.0,1,10.0,capacity_corrected,0,0.0022117058968679046,62.72818181818182
27.0,1,10.0,capacity_corrected,1,0.00022281639928698754,12.637286195286192
27.0,1,10.0,capacity_corrected,2,0.0009548218503442384,12.556700336700345
27.0,1,10.0,capacity_corrected,3,0.0001193972825178499,12.67331313131314
27.0,1,10.0,capacity_corrected,4,0.0006030453791647822,12.616498316498323
27.0,1,10.0,original,0,0.0034793144868531293,61.279292929292886
27.0,1,10.0,original,1,0.00507933779621488,12.692202020202025
27.0,1,10.0,original,2,0.0038410886742756803,12.634511784511789
27.0,1,10.0,original,3,0.005150015091840522,12.719811447811452
27.0,1,10.0,original,4,0.00202020202020202,12.649622895622898
27.0,2,10.0,capacity_corrected,0,0.0022366466625494113,62.72851851851854
27.0,2,10.0,capacity_corrected,1,0.00022281639928698754,12.63732659932661
27.0,2,10.0,capacity_corrected,2,0.001407105884717825,12.556599326599327
27.0,2,10.0,capacity_corrected,3,2.3879456503569978e-05,12.673582491582486
27.0,2,10.0,capacity_corrected,4,0.0013490923280212131,12.616774410774417
27.0,2,10.0,original,0,0.0034796812628190336,61.2815151515151
27.0,2,10.0,original,1,0.005028952483753577,12.692202020202016
27.0,2,10.0,original,2,0.0038155922703771695,12.634478114478126
27.0,2,10.0,original,3,0.005366411989545594,12.720026936026933
27.0,2,10.0,original,4,0.0019952612545205135,12.649730639730643
27.0,3,10.0,capacity_corrected,0,0.0021639469838607645,62.72956228956228
27.0,3,10.0,capacity_corrected,1,0.00024757377698554167,12.637319865319865
27.0,3,10.0,capacity_corrected,2,0.0014824865571134228,12.556707070707073
27.0,3,10.0,capacity_corrected,3,0.0,12.673124579124575
27.0,3,10.0,capacity_corrected,4,0.0010763916602371387,12.616478114478118
27.0,3,10.0,original,0,0.0034538393892788485,61.27962962962967
27.0,3,10.0,original,1,0.005005180728384738,12.692329966329968
27.0,3,10.0,original,2,0.003841458187375659,12.634646464646472
27.0,3,10.0,original,3,0.0049776596928339635,12.719764309764315
27.0,3,10.0,original,4,0.001995261254520514,12.64961616161617
