method,rate_mbps,metric,mean,seed_min,seed_max
meet_cobra,1,power_w,5.4388008948545865,5.438483221476511,5.439107382550336
meet_cobra,3,power_w,7.952653243847874,7.952114093959732,7.9534362416107385
meet_cobra,5,power_w,10.947901565995528,10.946765100671142,10.949006711409398
meet_cobra,7,power_w,13.945107382550338,13.943214765100672,13.946697986577183
meet_cobra,9,power_w,16.913731543624163,16.911295302013425,16.91518791946309
meet_cobra,11,power_w,19.821794183445192,19.818624161073824,19.824053691275168
meet_cobra,13,power_w,23.328324384787475,23.32673825503356,23.329590604026848
meet_cobra,15,power_w,26.847890380313203,26.84648322147651,26.84885906040269
meet_cobra,17,power_w,30.382798657718126,30.3785033557047,30.386798657718124
meet_cobra,19,power_w,33.79625950782997,33.79171140939597,33.79910067114094
meet_cobra,21,power_w,38.123653243847876,38.122791946308716,38.12498657718121
meet_cobra,23,power_w,46.17299552572707,46.15144966442953,46.210187919463095
meet_cobra,25,power_w,66.28335123042505,66.28012751677853,66.28828859060403
meet_cobra,27,power_w,95.02902908277406,95.02544295302013,95.0338456375839
meet_cobra,29,power_w,127.74586577181209,127.7408456375839,127.75066442953022
meet_cobra,31,power_w,157.63031096196866,157.62135570469798,157.63769798657717
meet_cobra,33,power_w,172.81369351230424,172.81014093959732,172.82022147651006
meet_cobra,35,power_w,175.79630201342283,175.79061744966444,175.80425503355704
meet_cobra,1,violation_percent,0.2505673784572424,0.249826668591805,0.251467085764432
meet_cobra,3,violation_percent,0.21648853689758948,0.216240774957883,0.21671077133831765
meet_cobra,5,violation_percent,0.2168037173086735,0.21673844975460266,0.21686085484433718
meet_cobra,7,violation_percent,0.2155181429978006,0.21545350763101995,0.21560133824000235
meet_cobra,9,violation_percent,0.21450206174218356,0.21413079733710083,0.21472167428878822
meet_cobra,11,violation_percent,0.21854219139090816,0.218279904258698,0.2186988348071136
meet_cobra,13,violation_percent,0.22257401881444328,0.22247981412693665,0.2227613127589012
meet_cobra,15,violation_percent,0.22613032333880057,0.22600501128821254,0.2262067297538081
meet_cobra,17,violation_percent,0.23107887810445185,0.23105507048489907,0.23110432299019248
meet_cobra,19,violation_percent,0.24028133732629034,0.24010207004611003,0.24051928048799887
meet_cobra,21,violation_percent,0.2534847390717379,0.25259066064524893,0.25415172562907745
meet_cobra,23,violation_percent,0.24117024747241053,0.23737758315545673,0.24860619862643682
meet_cobra,25,violation_percent,0.18954989362275265,0.18844611647720064,0.19044714628487655
meet_cobra,27,violation_percent,0.1611317170333554,0.1603992817858126,0.16225133562896024
meet_cobra,29,violation_percent,0.19387001953553543,0.19365787659581438,0.19417194979517854
meet_cobra,31,violation_percent,0.27438323787223884,0.2735339959239392,0.27520907331261774
meet_cobra,33,violation_percent,0.5237801850023086,0.5221189721367447,0.5251510158405529
meet_cobra,35,violation_percent,1.1497392059940748,1.1431555621113774,1.155517992491948
meet_cobra,1,p90_proxy_ms,16.953,16.953,16.953
meet_cobra,3,p90_proxy_ms,6.302185628384206,6.3014759047439695,6.302564222124053
meet_cobra,5,p90_proxy_ms,4.027,4.027,4.027
meet_cobra,7,p90_proxy_ms,3.0441912618140425,3.0440489674696245,3.044285714285714
meet_cobra,9,p90_proxy_ms,2.460410320026739,2.459569787290384,2.461229356570223
meet_cobra,11,p90_proxy_ms,2.285908573429897,2.285748205311882,2.2861276391686145
meet_cobra,13,p90_proxy_ms,2.0648796568976704,2.0646675013062112,2.0650158290533214
meet_cobra,15,p90_proxy_ms,2.001203334876879,2.0012,2.001210004630637
meet_cobra,17,p90_proxy_ms,1.6933884076440269,1.693212770496307,1.6936263696542493
meet_cobra,19,p90_proxy_ms,1.4607241267168989,1.4606141877378827,1.4607922942627625
meet_cobra,21,p90_proxy_ms,1.4741803160156826,1.4741738639633988,1.474192806290133
meet_cobra,23,p90_proxy_ms,1.4614679845770076,1.4611819274210731,1.4616408863824084
meet_cobra,25,p90_proxy_ms,1.409067980228401,1.408975401495726,1.4092216603512382
meet_cobra,27,p90_proxy_ms,1.366398546063527,1.3663642641940292,1.3664654020181537
meet_cobra,29,p90_proxy_ms,1.3402841427610763,1.3402133430214842,1.3403520752414915
meet_cobra,31,p90_proxy_ms,1.3241707045028521,1.3240398047032507,1.324376591523876
meet_cobra,33,p90_proxy_ms,1.240949129263145,1.2405288803393852,1.2412435452145232
meet_cobra,35,p90_proxy_ms,1.1772575097455864,1.1771735199987652,1.1773002070362546
meet_cobra,1,p99_proxy_ms,18.932333333333336,18.932000000000002,18.933
meet_cobra,3,p99_proxy_ms,7.971333333333334,7.971000000000001,7.971666666666667
meet_cobra,5,p99_proxy_ms,5.0148,5.0148,5.0148
meet_cobra,7,p99_proxy_ms,3.598787412041872,3.5977307178490685,3.5994967588283298
meet_cobra,9,p99_proxy_ms,3.061451188074228,3.0610653497698213,3.061926905442987
meet_cobra,11,p99_proxy_ms,2.6088842389380815,2.608746412822626,2.6090916459956395
meet_cobra,13,p99_proxy_ms,2.4192025926469625,2.4190705731672124,2.4192698254138594
meet_cobra,15,p99_proxy_ms,2.188967251924693,2.188678619444415,2.1892557523617753
meet_cobra,17,p99_proxy_ms,2.0554705671101394,2.0551105176328144,2.0560299898718926
meet_cobra,19,p99_proxy_ms,1.9968070175438595,1.9966315789473683,1.997
meet_cobra,21,p99_proxy_ms,1.8206505426583133,1.8203654529594533,1.820921618435926
meet_cobra,23,p99_proxy_ms,1.7679857327365749,1.7662509505936843,1.7704487138814577
meet_cobra,25,p99_proxy_ms,1.6615434806316742,1.661015567042038,1.6618836612426096
meet_cobra,27,p99_proxy_ms,1.5875084033298528,1.5870197970213253,1.5878127747621746
meet_cobra,29,p99_proxy_ms,1.5420367408740887,1.5415196229756942,1.54285543387321
meet_cobra,31,p99_proxy_ms,1.5437914475531498,1.54308866802831,1.5445141992522229
meet_cobra,33,p99_proxy_ms,5.000454829938863,4.998394242424236,5.003424489816603
meet_cobra,35,p99_proxy_ms,29.496711254525184,28.99748130896225,30.06709227291095
meet_cobra,1,macro_association_percent,0.07139515990053916,0.07139515990053916,0.07139515990053916
meet_cobra,3,macro_association_percent,0.07385706196607499,0.07385706196607499,0.07385706196607499
meet_cobra,5,macro_association_percent,0.07631896403161083,0.07631896403161083,0.07631896403161083
meet_cobra,7,macro_association_percent,0.08124276816268249,0.08124276816268249,0.08124276816268249
meet_cobra,9,macro_association_percent,0.08124276816268249,0.08124276816268249,0.08124276816268249
meet_cobra,11,macro_association_percent,0.08616657229375417,0.08616657229375416,0.08616657229375416
meet_cobra,13,macro_association_percent,0.08862847435928999,0.08862847435928999,0.08862847435928999
meet_cobra,15,macro_association_percent,0.09109037642482581,0.09109037642482581,0.09109037642482581
meet_cobra,17,macro_association_percent,0.09109037642482581,0.09109037642482581,0.09109037642482581
meet_cobra,19,macro_association_percent,0.10339988675250499,0.10339988675250499,0.10339988675250499
meet_cobra,21,macro_association_percent,0.14032841773554247,0.14032841773554247,0.14032841773554247
meet_cobra,23,macro_association_percent,0.880540305439983,0.8788990373962924,0.883822841527364
meet_cobra,25,macro_association_percent,4.355104753932888,4.355104753932888,4.355104753932888
meet_cobra,27,macro_association_percent,9.00317585366454,9.00317585366454,9.00317585366454
meet_cobra,29,macro_association_percent,13.61185652034762,13.61185652034762,13.61185652034762
meet_cobra,31,macro_association_percent,17.129914571998327,17.129914571998327,17.129914571998327
meet_cobra,33,macro_association_percent,17.964499372214974,17.964499372214974,17.964499372214974
meet_cobra,35,macro_association_percent,16.876338659248134,16.876338659248134,16.876338659248134
oracle_mc,1,power_w,1.7245861297539156,1.7240067114093964,1.7252818791946314
oracle_mc,3,power_w,4.350011185682328,4.349778523489934,4.350449664429531
oracle_mc,5,power_w,7.387017897091724,7.386832214765102,7.387328859060404
oracle_mc,7,power_w,10.432219239373604,10.431348993288593,10.433402684563763
oracle_mc,9,power_w,13.514266219239374,13.513510067114094,13.515456375838927
oracle_mc,11,power_w,16.40756823266219,16.40674496644295,16.408208053691276
oracle_mc,13,power_w,20.11129530201342,20.11035570469799,20.112919463087245
oracle_mc,15,power_w,23.749970917225955,23.74724832214766,23.751523489932893
oracle_mc,17,power_w,27.418809843400464,27.414261744966456,27.42170469798659
oracle_mc,19,power_w,30.7128769574944,30.711993288590595,30.714516778523482
oracle_mc,21,power_w,34.694483221476496,34.69336912751676,34.69602013422817
oracle_mc,23,power_w,39.46427293064877,39.45510738255033,39.470530201342285
oracle_mc,25,power_w,46.74687248322147,46.74453020134228,46.749389261744966
oracle_mc,27,power_w,65.99558612975392,65.98771812080537,66.00074496644294
oracle_mc,29,power_w,94.87225950782998,94.86844966442953,94.87516778523488
oracle_mc,31,power_w,126.62827964205816,126.62021476510067,126.63343624161074
oracle_mc,33,power_w,157.36616554809845,157.36025503355705,157.37157718120807
oracle_mc,35,power_w,174.73486800894855,174.6608389261745,174.86133557046978
oracle_mc,1,violation_percent,0.026923130134841294,0.02491157930134106,0.028352830943600284
oracle_mc,3,violation_percent,0.0,0.0,0.0
oracle_mc,5,violation_percent,0.0,0.0,0.0
oracle_mc,7,violation_percent,0.0,0.0,0.0
oracle_mc,9,violation_percent,0.0,0.0,0.0
oracle_mc,11,violation_percent,0.0,0.0,0.0
oracle_mc,13,violation_percent,0.0,0.0,0.0
oracle_mc,15,violation_percent,0.0,0.0,0.0
oracle_mc,17,violation_percent,0.0018670219765758653,0.001727200947493091,0.001949269640742203
oracle_mc,19,violation_percent,0.013348795894196604,0.013200750098697197,0.01347216739044611
oracle_mc,21,violation_percent,0.03241380444795368,0.032101263324121596,0.03281681800236873
oracle_mc,23,violation_percent,0.0574828924858534,0.056824911172522696,0.05813264903276747
oracle_mc,25,violation_percent,0.0707576654823003,0.06940880378997237,0.07259178839320964
oracle_mc,27,violation_percent,0.09057935254638767,0.08956770627714172,0.0911962100276352
oracle_mc,29,violation_percent,0.08852316094222924,0.08749506514015003,0.08917291748914331
oracle_mc,31,violation_percent,0.11606720862085264,0.1142903115495182,0.11698085274378209
oracle_mc,33,violation_percent,0.2902862773671455,0.2871551626299813,0.29216871079135753
oracle_mc,35,violation_percent,0.8171354219479552,0.809906746907752,0.8243960912090623
oracle_mc,1,p90_proxy_ms,16.95266666666667,16.951999999999998,16.953
oracle_mc,3,p90_proxy_ms,6.319445386659827,6.318713610965832,6.320261883677999
oracle_mc,5,p90_proxy_ms,4.028266666666666,4.0282,4.0283999999999995
oracle_mc,7,p90_proxy_ms,3.040933747397728,3.040857142857143,3.041
oracle_mc,9,p90_proxy_ms,2.4779582025511186,2.4777815164338457,2.4780892290142216
oracle_mc,11,p90_proxy_ms,2.2845682359627233,2.28419205212049,2.284928116888396
oracle_mc,13,p90_proxy_ms,2.0775156991933845,2.0765830808267496,2.078159672172761
oracle_mc,15,p90_proxy_ms,2.0023333333333335,2.0023333333333335,2.0023333333333335
oracle_mc,17,p90_proxy_ms,1.707730851955529,1.707412557826992,1.7080095812079434
oracle_mc,19,p90_proxy_ms,1.4599206907170545,1.4594998941550414,1.4604717620647618
oracle_mc,21,p90_proxy_ms,1.4695030195543535,1.4694444584932274,1.46953976232515
oracle_mc,23,p90_proxy_ms,1.466195895591852,1.4659445735345527,1.4665113213772758
oracle_mc,25,p90_proxy_ms,1.4195895722002045,1.4195398897248395,1.4196711433461822
oracle_mc,27,p90_proxy_ms,1.3726914523089284,1.372573266834734,1.37275890467484
oracle_mc,29,p90_proxy_ms,1.3439815637396508,1.343923054435373,1.3440482681405406
oracle_mc,31,p90_proxy_ms,1.3256430659070757,1.3256031573611988,1.3256890388945146
oracle_mc,33,p90_proxy_ms,1.2144962360201819,1.2137857516036017,1.2152485244087181
oracle_mc,35,p90_proxy_ms,1.1697404763925676,1.1695765870523143,1.169948780333776
oracle_mc,1,p99_proxy_ms,18.913333333333334,18.913,18.914
oracle_mc,3,p99_proxy_ms,7.954068247418239,7.953538075588055,7.954666666666667
oracle_mc,5,p99_proxy_ms,5.009333333333333,5.0092,5.009600000000001
oracle_mc,7,p99_proxy_ms,3.570354101101215,3.5691468712887007,3.5712149870558205
oracle_mc,9,p99_proxy_ms,3.0488999277430247,3.0487738478507955,3.049
oracle_mc,11,p99_proxy_ms,2.58314871564674,2.5828066949993973,2.5833237792527135
oracle_mc,13,p99_proxy_ms,2.4054024215958125,2.405201192550722,2.4055692190397817
oracle_mc,15,p99_proxy_ms,2.17335083863238,2.173063474033165,2.173637289293729
oracle_mc,17,p99_proxy_ms,2.0381529960991775,2.0378558848819965,2.0383863003525358
oracle_mc,19,p99_proxy_ms,1.9870922073039772,1.9869473684210526,1.9872109049166327
oracle_mc,21,p99_proxy_ms,1.7564664289950622,1.75584886537039,1.7572333280339276
oracle_mc,23,p99_proxy_ms,1.7103528637025367,1.7089212461253656,1.7118891056219714
oracle_mc,25,p99_proxy_ms,1.6630976529653616,1.6625561402121924,1.66342107866697
oracle_mc,27,p99_proxy_ms,1.5970112180423135,1.5962594849623177,1.597389219902319
oracle_mc,29,p99_proxy_ms,1.5296381424022547,1.5295604594478263,1.529772451537436
oracle_mc,31,p99_proxy_ms,1.4918308618609304,1.4917090479928043,1.4920236289762132
oracle_mc,33,p99_proxy_ms,1.499092392448593,1.4982158937562844,1.4998237616404488
oracle_mc,35,p99_proxy_ms,10.755511553111347,10.374401343848078,11.094652935485339
oracle_mc,1,macro_association_percent,0.06893325783500333,0.06893325783500333,0.06893325783500333
oracle_mc,3,macro_association_percent,0.06893325783500333,0.06893325783500333,0.06893325783500333
oracle_mc,5,macro_association_percent,0.06893325783500333,0.06893325783500333,0.06893325783500333
oracle_mc,7,macro_association_percent,0.06893325783500333,0.06893325783500333,0.06893325783500333
oracle_mc,9,macro_association_percent,0.06893325783500333,0.06893325783500333,0.06893325783500333
oracle_mc,11,macro_association_percent,0.06893325783500333,0.06893325783500333,0.06893325783500333
oracle_mc,13,macro_association_percent,0.06893325783500333,0.06893325783500333,0.06893325783500333
oracle_mc,15,macro_association_percent,0.06893325783500333,0.06893325783500333,0.06893325783500333
oracle_mc,17,macro_association_percent,0.06893325783500333,0.06893325783500333,0.06893325783500333
oracle_mc,19,macro_association_percent,0.06893325783500333,0.06893325783500333,0.06893325783500333
oracle_mc,21,macro_association_percent,0.06893325783500333,0.06893325783500333,0.06893325783500333
oracle_mc,23,macro_association_percent,0.07385706196607499,0.07385706196607499,0.07385706196607499
oracle_mc,25,macro_association_percent,0.6499421453014599,0.6499421453014599,0.6499421453014599
oracle_mc,27,macro_association_percent,3.5500627785026713,3.5500627785026713,3.5500627785026713
oracle_mc,29,macro_association_percent,7.971638888205027,7.971638888205027,7.971638888205027
oracle_mc,31,macro_association_percent,12.215958049188805,12.215958049188803,12.215958049188803
oracle_mc,33,macro_association_percent,15.75617321942933,15.75617321942933,15.75617321942933
oracle_mc,35,macro_association_percent,16.927217968602545,16.915729092296708,16.95019572121421
reactive_obra,1,power_w,6.577089485458615,6.571885906040271,6.583630872483222
reactive_obra,3,power_w,12.003767337807608,12.002805369127518,12.00563758389262
reactive_obra,5,power_w,16.17085906040268,16.166738255033554,16.173409395973152
reactive_obra,7,power_w,20.00806711409396,20.002261744966443,20.01212751677852
reactive_obra,9,power_w,23.779968680089492,23.774503355704706,23.78402684563759
reactive_obra,11,power_w,27.168310961968686,27.16591275167786,27.17187919463088
reactive_obra,13,power_w,30.28139821029082,30.27186577181208,30.28696644295301
reactive_obra,15,power_w,33.873800894854575,33.867657718120796,33.87699328859059
reactive_obra,17,power_w,38.4644384787472,38.456711409395965,38.46871812080536
reactive_obra,19,power_w,45.254724832214755,45.24018791946308,45.268275167785234
reactive_obra,21,power_w,60.59824161073826,60.574557046979876,60.612140939597325
reactive_obra,23,power_w,94.69745637583894,94.68274496644295,94.71370469798657
reactive_obra,25,power_w,152.33924384787477,152.3372885906041,152.34283892617455
reactive_obra,27,power_w,185.38870246085034,185.38587248322168,185.39313422818816
reactive_obra,29,power_w,185.4191565995528,185.4135637583895,185.42573154362438
reactive_obra,31,power_w,185.51219686800923,185.51094630872512,185.51344966442977
reactive_obra,33,power_w,185.5016935123045,185.4975302013425,185.50479194630898
reactive_obra,35,power_w,185.56157941834476,185.55977852349022,185.56322818791972
reactive_obra,1,violation_percent,0.0,0.0,0.0
reactive_obra,3,violation_percent,0.0,0.0,0.0
reactive_obra,5,violation_percent,0.0,0.0,0.0
reactive_obra,7,violation_percent,0.0,0.0,0.0
reactive_obra,9,violation_percent,0.0,0.0,0.0
reactive_obra,11,violation_percent,0.0,0.0,0.0
reactive_obra,13,violation_percent,0.00013982102908277407,4.93485984998026e-05,0.00029609159099881565
reactive_obra,15,violation_percent,0.004424924332148967,0.003824516383734702,0.005181602842479274
reactive_obra,17,violation_percent,0.21950824652868317,0.2177187214661204,0.22153785495682315
reactive_obra,19,violation_percent,1.5550057488505808,1.5405024062467612,1.5660357628910577
reactive_obra,21,violation_percent,3.6160412468910317,3.5893860053860283,3.6472133758495238
reactive_obra,23,violation_percent,5.65752150724678,5.634386105515449,5.682140506175801
reactive_obra,25,violation_percent,5.729052403937248,5.722087507080016,5.734118928570911
reactive_obra,27,violation_percent,9.841119387344715,9.80685909376134,9.865282207643409
reactive_obra,29,violation_percent,19.522872342328224,19.493557928977182,19.54614429368507
reactive_obra,31,violation_percent,23.706857226762295,23.664415550651313,23.731065515228742
reactive_obra,33,violation_percent,29.79098856824477,29.70806446055758,29.832999280483936
reactive_obra,35,violation_percent,34.46315991657681,34.36484285390573,34.58267691182879
reactive_obra,1,p90_proxy_ms,5.959,5.958,5.96
reactive_obra,3,p90_proxy_ms,3.025,3.025,3.025
reactive_obra,5,p90_proxy_ms,2.033933333333333,2.0338000000000003,2.034
reactive_obra,7,p90_proxy_ms,2.009666666666667,2.009571428571429,2.009714285714286
reactive_obra,9,p90_proxy_ms,2.0021851851851853,2.002111111111111,2.002222222222222
reactive_obra,11,p90_proxy_ms,1.9888484848484849,1.9888181818181818,1.9889090909090912
reactive_obra,13,p90_proxy_ms,1.1726239191038443,1.1715152554673005,1.1734350568692993
reactive_obra,15,p90_proxy_ms,1.0554517577328852,1.0550891698680949,1.0558491390337983
reactive_obra,17,p90_proxy_ms,1.132869743924378,1.13272675433661,1.133019644658631
reactive_obra,19,p90_proxy_ms,1.2324139597639763,1.232119457514529,1.2326275062803362
reactive_obra,21,p90_proxy_ms,1.3132934880221028,1.3125528221417475,1.3140241417414023
reactive_obra,23,p90_proxy_ms,1.40576829471526,1.40472699269644,1.4068250724776072
reactive_obra,25,p90_proxy_ms,1.422066899568569,1.4201273660743186,1.425753370527667
reactive_obra,27,p90_proxy_ms,17.660071970395084,17.061706014097382,17.985978292458988
reactive_obra,29,p90_proxy_ms,691.9575822581336,690.6289805126278,694.3835803346942
reactive_obra,31,p90_proxy_ms,2724.3312950774416,2673.2633465226468,2802.344690322581
reactive_obra,33,p90_proxy_ms,5302.5156545454565,5271.67754545455,5321.398918181821
reactive_obra,35,p90_proxy_ms,6966.235648948711,6949.151445714286,6984.016124229287
reactive_obra,1,p99_proxy_ms,8.903333333333334,8.897,8.908
reactive_obra,3,p99_proxy_ms,4.440407447492641,4.120333333333334,4.907
reactive_obra,5,p99_proxy_ms,3.0338000000000007,3.0338000000000003,3.0338000000000003
reactive_obra,7,p99_proxy_ms,2.984714285714286,2.984714285714286,2.984714285714286
reactive_obra,9,p99_proxy_ms,2.0420573411294813,2.0418434928399876,2.042222222222222
reactive_obra,11,p99_proxy_ms,2.0273636363636363,2.0272727272727273,2.027454545454545
reactive_obra,13,p99_proxy_ms,2.0125641025641023,2.0125384615384614,2.0126153846153847
reactive_obra,15,p99_proxy_ms,1.994511111111111,1.9944,1.9946
reactive_obra,17,p99_proxy_ms,1.743669834562316,1.7356125134165878,1.7491370743812353
reactive_obra,19,p99_proxy_ms,99.73617234836655,97.30229364981045,102.90068588308908
reactive_obra,21,p99_proxy_ms,367.6578572949922,361.0759776248453,378.03131651802
reactive_obra,23,p99_proxy_ms,686.0957292419735,664.9664840565306,702.5992636848418
reactive_obra,25,p99_proxy_ms,527.4330432922045,524.2349236628199,529.1334955307967
reactive_obra,27,p99_proxy_ms,5753.208338055946,5740.559833144669,5772.011093829851
reactive_obra,29,p99_proxy_ms,15458.487995018702,15405.224134144733,15559.735658892787
reactive_obra,31,p99_proxy_ms,19073.53603242498,19072.56198858581,19074.087856677008
reactive_obra,33,p99_proxy_ms,22378.002454950798,22310.37903303027,22498.23816077757
reactive_obra,35,p99_proxy_ms,21961.71697940397,21907.838900982293,22059.357048362497
reactive_obra,1,macro_association_percent,0.06893325783500333,0.06893325783500333,0.06893325783500333
reactive_obra,3,macro_association_percent,0.06893325783500333,0.06893325783500333,0.06893325783500333
reactive_obra,5,macro_association_percent,0.06893325783500333,0.06893325783500333,0.06893325783500333
reactive_obra,7,macro_association_percent,0.06893325783500333,0.06893325783500333,0.06893325783500333
reactive_obra,9,macro_association_percent,0.06893325783500333,0.06893325783500333,0.06893325783500333
reactive_obra,11,macro_association_percent,0.06893325783500333,0.06893325783500333,0.06893325783500333
reactive_obra,13,macro_association_percent,0.06893325783500333,0.06893325783500333,0.06893325783500333
reactive_obra,15,macro_association_percent,0.06893325783500333,0.06893325783500333,0.06893325783500333
reactive_obra,17,macro_association_percent,0.06893325783500333,0.06893325783500333,0.06893325783500333
reactive_obra,19,macro_association_percent,0.24865210861911913,0.24865210861911913,0.24865210861911913
reactive_obra,21,macro_association_percent,2.2600260961618948,2.2600260961618948,2.2600260961618948
reactive_obra,23,macro_association_percent,7.750067702306803,7.7500677023068025,7.7500677023068025
reactive_obra,25,macro_association_percent,16.854181540658313,16.854181540658313,16.854181540658313
reactive_obra,27,macro_association_percent,22.250670868312863,22.25067086831286,22.25067086831286
reactive_obra,29,macro_association_percent,27.132622664270414,27.132622664270414,27.132622664270414
reactive_obra,31,macro_association_percent,30.370023880450034,30.370023880450034,30.370023880450034
reactive_obra,33,macro_association_percent,33.11996848765356,33.11996848765356,33.11996848765356
reactive_obra,35,macro_association_percent,35.65572761515547,35.65572761515547,35.65572761515547
o_mappo,1,power_w,6.047847874720357,6.0111342281879185,6.085677852348992
o_mappo,3,power_w,12.397167785234894,12.299798657718117,12.459268456375835
o_mappo,5,power_w,17.59816778523488,17.545187919463075,17.637932885906025
o_mappo,7,power_w,24.18371812080534,24.151302013422793,24.22020134228185
o_mappo,9,power_w,29.783246085011154,29.64032885906037,29.89358389261742
o_mappo,11,power_w,36.59644742729302,36.54731543624157,36.644463087248276
o_mappo,13,power_w,43.77610290827741,43.7311812080537,43.85977181208054
o_mappo,15,power_w,52.62282102908284,52.60379865771819,52.65718120805376
o_mappo,17,power_w,63.358617449664564,63.302697986577314,63.450845637584024
o_mappo,19,power_w,77.67433333333337,75.99213422818796,80.23226174496645
o_mappo,21,power_w,104.15209619686783,101.99917449664416,108.11837583892594
o_mappo,23,power_w,135.92916554809827,134.21350335570452,136.88232885906024
o_mappo,25,power_w,151.4818277404919,150.57801342281851,152.53672483221447
o_mappo,27,power_w,167.89647651006672,166.54458389261706,169.43932885906
o_mappo,29,power_w,176.84526174496605,175.61740268456336,177.76510067114054
o_mappo,31,power_w,183.78946532438434,183.59299999999956,183.99468456375794
o_mappo,33,power_w,185.17199776286313,185.10073154362374,185.2111812080533
o_mappo,35,power_w,185.2769530201338,185.22652348993248,185.37510738254988
o_mappo,1,violation_percent,0.020379232253143004,0.01703852581778033,0.026701086583717597
o_mappo,3,violation_percent,0.012712668960201531,0.01208970165247307,0.013847921719023179
o_mappo,5,violation_percent,0.04628767297153272,0.045787372180075184,0.04711696441965559
o_mappo,7,violation_percent,0.05547685973698882,0.055153002267874285,0.05591545561419924
o_mappo,9,violation_percent,0.0792869901472414,0.05597663040758131,0.0921310361063118
o_mappo,11,violation_percent,0.049141233774678515,0.04673701617027848,0.052804673886083384
o_mappo,13,violation_percent,0.08722655421132401,0.08644509888810524,0.08831541807787588
o_mappo,15,violation_percent,0.18700070685286285,0.18564448039642312,0.18829402470859796
o_mappo,17,violation_percent,0.4757607191875411,0.4670331259179923,0.4845115442726342
o_mappo,19,violation_percent,0.8300472304329555,0.6784181203668782,0.9373241847194052
o_mappo,21,violation_percent,1.3274942382465729,1.2879976698323243,1.367132957545897
o_mappo,23,violation_percent,1.9736568062126771,1.8069677812825289,2.094537323403624
o_mappo,25,violation_percent,4.157776932643434,3.8311715035852365,4.329545637076638
o_mappo,27,violation_percent,6.868179351934304,6.805818921570859,6.914423604119441
o_mappo,29,violation_percent,9.965847284341733,9.734320965587026,10.119783475799956
o_mappo,31,violation_percent,13.51630903713306,13.277618634273763,13.726729891269935
o_mappo,33,violation_percent,17.21144059128035,17.005260347657657,17.534433786473276
o_mappo,35,violation_percent,22.982117185503743,22.478916471726453,23.338231223883156
o_mappo,1,p90_proxy_ms,15.788583337797624,15.778,15.798750013392867
o_mappo,3,p90_proxy_ms,5.942247751148461,5.940666666666667,5.944333333333334
o_mappo,5,p90_proxy_ms,3.85988803538946,3.8568270546289063,3.8645975460742834
o_mappo,7,p90_proxy_ms,2.9927142857142854,2.9927142857142854,2.9927142857142854
o_mappo,9,p90_proxy_ms,2.186246516324059,2.1860122761258673,2.186382104074789
o_mappo,11,p90_proxy_ms,2.137988367352832,2.137878045980928,2.1381986514297115
o_mappo,13,p90_proxy_ms,2.00325641025641,2.0031538461538463,2.0033076923076925
o_mappo,15,p90_proxy_ms,1.7767402305310391,1.7762879414052577,1.777634703673832
o_mappo,17,p90_proxy_ms,1.520750674092996,1.5193740915372655,1.5225679593784838
o_mappo,19,p90_proxy_ms,1.4854871070801199,1.481094196172545,1.4893476851534375
o_mappo,21,p90_proxy_ms,1.4951326471812418,1.4894507502650738,1.4989484811356792
o_mappo,23,p90_proxy_ms,1.4679951657251387,1.4611529521764095,1.4723412367387443
o_mappo,25,p90_proxy_ms,1.4906740576003887,1.4785168486524227,1.4989141673047044
o_mappo,27,p90_proxy_ms,1.9928037037037047,1.9881888888888923,1.996814814814815
o_mappo,29,p90_proxy_ms,20.91391657997329,17.877553918525162,22.946727586206897
o_mappo,31,p90_proxy_ms,87.71659658380177,78.96665161290322,94.4459820302392
o_mappo,33,p90_proxy_ms,204.17201312280227,191.18121224368764,213.97768787878795
o_mappo,35,p90_proxy_ms,526.4557500133527,502.7331446256198,570.2176564049087
o_mappo,1,p99_proxy_ms,18.680666666666667,18.66,18.700000000000003
o_mappo,3,p99_proxy_ms,7.047961832648968,7.047218831280238,7.049333333333333
o_mappo,5,p99_proxy_ms,4.354531775879911,4.352854120674488,4.355529264533562
o_mappo,7,p99_proxy_ms,3.348710615838643,3.347877892130106,3.3492827269934393
o_mappo,9,p99_proxy_ms,2.9932781723138198,2.992222222222222,2.9938345169414595
o_mappo,11,p99_proxy_ms,2.514327642301433,2.513856899028005,2.515014818081316
o_mappo,13,p99_proxy_ms,2.3207339594208816,2.3202053559693683,2.3217073623226168
o_mappo,15,p99_proxy_ms,2.1706665955551787,2.170202718898127,2.171234256607233
o_mappo,17,p99_proxy_ms,2.9963529411764704,2.9889411764705884,3.003
o_mappo,19,p99_proxy_ms,12.33402517609064,7.00448951009037,16.990374965549975
o_mappo,21,p99_proxy_ms,40.85462784485029,38.34793316267034,43.93003636816341
o_mappo,23,p99_proxy_ms,93.99503749218464,83.5841395216652,104.39542636596117
o_mappo,25,p99_proxy_ms,467.74411990197353,411.2207059471559,499.1065440822346
o_mappo,27,p99_proxy_ms,1363.7572441454029,1320.2494232145725,1447.2978760288106
o_mappo,29,p99_proxy_ms,2573.2926354007654,2078.5529958902175,3104.470485742523
o_mappo,31,p99_proxy_ms,3479.0480539002,3086.843329024848,3962.3903109788985
o_mappo,33,p99_proxy_ms,5545.384423686132,5336.751322983924,5733.83299859075
o_mappo,35,p99_proxy_ms,8026.632112599022,6962.393324684985,8628.06412402118
o_mappo,1,macro_association_percent,0.3815948201580541,0.31758536645412244,0.43083286146877076
o_mappo,3,macro_association_percent,0.6417358050830071,0.6154755163839583,0.6794849700878899
o_mappo,5,macro_association_percent,1.129192414059102,1.1127797336221965,1.1472463625396983
o_mappo,7,macro_association_percent,1.7233314458750832,1.7134838376129398,1.7282552500061548
o_mappo,9,macro_association_percent,1.7036362293507965,1.6716315024988306,1.7307171520716906
o_mappo,11,macro_association_percent,1.9317724874237836,1.9202836111179498,1.9375169255767006
o_mappo,13,macro_association_percent,2.420049730421724,2.4126640242251165,2.434821142814939
o_mappo,15,macro_association_percent,3.0929696283348513,3.084763288116399,3.097072798444078
o_mappo,17,macro_association_percent,4.755574156593384,4.731775769959871,4.7957852236638026
o_mappo,19,macro_association_percent,7.125565211682546,6.681602205864251,7.779610527093232
o_mappo,21,macro_association_percent,11.826977522834142,11.329673305595904,12.75019079741008
o_mappo,23,macro_association_percent,17.030617855355047,16.580910411383837,17.289938206258157
o_mappo,25,macro_association_percent,19.40963588468451,19.138826657475565,19.623821364386124
o_mappo,27,macro_association_percent,21.54328434148223,21.15758635121495,22.270366084837146
o_mappo,29,macro_association_percent,22.26215974461869,21.950318816317488,22.63472759053645
o_mappo,31,macro_association_percent,22.794751224796283,22.765208400009847,22.839065461975924
o_mappo,33,macro_association_percent,23.404482303027322,23.3732982101972,23.452079076294346
o_mappo,35,macro_association_percent,23.91327539657139,23.772126344814005,24.01585464930205
mts_report,1,power_w,5.710736017897093,5.684818791946309,5.73006711409396
mts_report,3,power_w,7.857308724832215,7.846684563758389,7.865127516778523
mts_report,5,power_w,11.048816554809846,11.047463087248323,11.049791946308728
mts_report,7,power_w,14.287995525727075,14.285449664429533,14.291503355704702
mts_report,9,power_w,17.821449664429533,17.818791946308725,17.825436241610742
mts_report,11,power_w,21.222521252796422,21.21759731543624,21.228583892617454
mts_report,13,power_w,25.428098434004472,25.409731543624165,25.45642953020134
mts_report,15,power_w,29.10404921700224,29.067677852348996,29.146798657718122
mts_report,17,power_w,33.688516778523486,33.61536912751678,33.83167114093959
mts_report,19,power_w,38.95454362416107,38.045402684563754,39.43322147651007
mts_report,21,power_w,46.19151454138703,44.87410738255034,46.95859060402686
mts_report,23,power_w,56.62329753914989,55.7071610738255,57.15913422818792
mts_report,25,power_w,67.43001342281877,67.20518791946309,67.66742281879193
mts_report,27,power_w,89.69886800894854,89.0933355704698,90.04372483221475
mts_report,29,power_w,109.00532662192393,108.75782550335569,109.32603355704697
mts_report,31,power_w,134.26252572706935,133.49104697986576,134.95203355704697
mts_report,33,power_w,160.99213422818792,160.89871812080537,161.14702013422817
mts_report,35,power_w,175.25850335570468,175.13092617449664,175.32536912751675
mts_report,1,violation_percent,0.2256511464635378,0.22449388086398897,0.22644761703677208
mts_report,3,violation_percent,0.21227219778077808,0.21222319212498628,0.21232211041970755
mts_report,5,violation_percent,0.21943627202404592,0.21928079755812566,0.21960103654131252
mts_report,7,violation_percent,0.22312785048729653,0.22198547041455718,0.22506789686354509
mts_report,9,violation_percent,0.22817994926923865,0.22701946331337816,0.23042562421871574
mts_report,11,violation_percent,0.23275519661310062,0.23156199430200644,0.23504272126570236
mts_report,13,violation_percent,0.2486784629316702,0.24666395018655365,0.252683368381521
mts_report,15,violation_percent,0.21657320887112866,0.21329986208128926,0.22299668958849672
mts_report,17,violation_percent,0.22512952511228015,0.21977501940246452,0.235690307963825
mts_report,19,violation_percent,0.23447257136380018,0.2201155231899078,0.25074246969406006
mts_report,21,violation_percent,0.2485217250308804,0.23904437639049322,0.2668855355665419
mts_report,23,violation_percent,0.29984215795985664,0.2897304050540869,0.31801846877834034
mts_report,25,violation_percent,0.41714850674450554,0.4066535796296058,0.43462745715181367
mts_report,27,violation_percent,0.4771272133868993,0.46930270223115267,0.48293482760619805
mts_report,29,violation_percent,0.6036977253191743,0.5832284605610933,0.6211086013804341
mts_report,31,violation_percent,0.7460860713888673,0.7069676966753633,0.7795258415668447
mts_report,33,violation_percent,1.0804188703822872,1.060385248177422,1.1010217856255566
mts_report,35,violation_percent,1.9167722304378019,1.7839697239477073,2.0937467501497826
mts_report,1,p90_proxy_ms,16.673602126424896,16.44880637927469,16.806
mts_report,3,p90_proxy_ms,6.204192244117745,6.201812791883392,6.20684963436552
mts_report,5,p90_proxy_ms,4.024866666666667,4.0248,4.025
mts_report,7,p90_proxy_ms,3.0374761904761907,3.0372857142857144,3.0377142857142854
mts_report,9,p90_proxy_ms,2.4509612100791527,2.45038558165498,2.451964013139724
mts_report,11,p90_proxy_ms,2.283089122971806,2.2825425164473776,2.2833822509919863
mts_report,13,p90_proxy_ms,2.0652324489690415,2.0647512932494716,2.065711138954016
mts_report,15,p90_proxy_ms,2.0014666666666665,2.0014666666666665,2.0014666666666665
mts_report,17,p90_proxy_ms,1.7050973115069923,1.704455598343056,1.705527759205796
mts_report,19,p90_proxy_ms,1.4566406231696103,1.4554852323840028,1.4583214794940098
mts_report,21,p90_proxy_ms,1.4728636265297823,1.472014301945528,1.4738620258117539
mts_report,23,p90_proxy_ms,1.4662997805636062,1.4660821308140606,1.4665974387656315
mts_report,25,p90_proxy_ms,1.4224980860222647,1.4220782599267412,1.4230691060442695
mts_report,27,p90_proxy_ms,1.3797821051594275,1.3794605530412418,1.379980273187766
mts_report,29,p90_proxy_ms,1.3493899587187068,1.349161986834368,1.349519634850352
mts_report,31,p90_proxy_ms,1.3329842166080967,1.3322951770992728,1.3334846122935742
mts_report,33,p90_proxy_ms,1.2681221542557535,1.2673678132482353,1.2695610721409478
mts_report,35,p90_proxy_ms,1.1787130849917862,1.177807722170262,1.17984884335455
mts_report,1,p99_proxy_ms,18.917666666666666,18.916999999999998,18.918
mts_report,3,p99_proxy_ms,7.961555555555556,7.960999999999999,7.962000000000001
mts_report,5,p99_proxy_ms,5.009933333333334,5.0098,5.0102
mts_report,7,p99_proxy_ms,3.5601516305343743,3.5589334371062518,3.5611912708128868
mts_report,9,p99_proxy_ms,3.047804712622613,3.047348759065126,3.048454594312481
mts_report,11,p99_proxy_ms,2.5916196748428177,2.590782108855446,2.5926161895390782
mts_report,13,p99_proxy_ms,2.406007697162965,2.4054259212394644,2.4068423385589837
mts_report,15,p99_proxy_ms,2.1780287306056976,2.1774488250132666,2.1786380520259327
mts_report,17,p99_proxy_ms,2.039026686566145,2.0383059255788387,2.0401305568214676
mts_report,19,p99_proxy_ms,1.985666666666667,1.9843684210526313,1.9871578947368422
mts_report,21,p99_proxy_ms,1.7646672172520592,1.7626356803097618,1.765862392189278
mts_report,23,p99_proxy_ms,1.7138446882292315,1.7118606447640832,1.7172804010296345
mts_report,25,p99_proxy_ms,1.678256380545246,1.6742764233289005,1.6859158500697156
mts_report,27,p99_proxy_ms,1.6244746783126915,1.6190067825017218,1.6275950498576135
mts_report,29,p99_proxy_ms,1.5958360864335812,1.5854434553602892,1.6014240358173577
mts_report,31,p99_proxy_ms,1.812867516483587,1.6494331507154774,2.010774516129025
mts_report,33,p99_proxy_ms,33.53819068934383,30.00269939393934,35.8213460748782
mts_report,35,p99_proxy_ms,177.40707421665374,158.9342868577072,210.22130223714439
mts_report,1,macro_association_percent,2.885349220807996,2.831187375366208,2.961668184839607
mts_report,3,macro_association_percent,0.5449009905052643,0.5366946502868116,0.5490041606144908
mts_report,5,macro_association_percent,0.5366946502868116,0.5366946502868116,0.5366946502868116
mts_report,7,macro_association_percent,0.5744438152916944,0.5736231812698491,0.5760850833353849
mts_report,9,macro_association_percent,0.5990628359470527,0.5982422019252074,0.6007041039907433
mts_report,11,macro_association_percent,0.6359913669300902,0.6351707329082449,0.6376326349737808
mts_report,13,macro_association_percent,0.7262611093330706,0.721337305201999,0.736108717595214
mts_report,15,macro_association_percent,0.750880129988429,0.7459563258573574,0.7607277382505724
mts_report,17,macro_association_percent,0.8698720631559943,0.8567419188064699,0.8961323518550433
mts_report,19,macro_association_percent,1.2572113214669656,0.9798370220832615,1.3958984711588174
mts_report,21,macro_association_percent,2.0097327194990853,1.6765553066299022,2.1837071321302837
mts_report,23,macro_association_percent,3.2653027729223596,3.0699918757231837,3.3678820256530195
mts_report,25,macro_association_percent,4.394495186981462,4.3427952436052095,4.448657032423251
mts_report,27,macro_association_percent,7.657336057838286,7.540806026736257,7.72791058371698
mts_report,29,macro_association_percent,10.028968380971138,9.963317659223517,10.111031783155665
mts_report,31,macro_association_percent,12.989815931788902,12.865900194490264,13.077623772126344
mts_report,33,macro_association_percent,15.930968266082376,15.896501637164874,15.953125384672198
mts_report,35,macro_association_percent,16.901778313925337,16.86156724685492,16.935424308820995
wo_gap_ho,1,power_w,5.069626398210291,5.068906040268457,5.07068456375839
wo_gap_ho,3,power_w,7.773178970917225,7.772812080536913,7.773382550335571
wo_gap_ho,5,power_w,10.816031319910516,10.814664429530204,10.817395973154364
wo_gap_ho,7,power_w,13.87349888143177,13.870859060402687,13.875879194630878
wo_gap_ho,9,power_w,16.90646085011186,16.902429530201342,16.90996644295302
wo_gap_ho,11,power_w,19.853310961968678,19.84993288590604,19.855093959731544
wo_gap_ho,13,power_w,23.36584563758389,23.36354362416107,23.367060402684565
wo_gap_ho,15,power_w,26.912147651006716,26.909395973154364,26.91377181208054
wo_gap_ho,17,power_w,30.750740492170028,30.748087248322154,30.754845637583898
wo_gap_ho,19,power_w,38.67196196868009,38.66690604026845,38.675865771812084
wo_gap_ho,21,power_w,57.51236912751676,57.509758389261734,57.51624161073825
wo_gap_ho,23,power_w,91.86127964205816,91.85518120805371,91.86624832214765
wo_gap_ho,25,power_w,150.55343400447427,150.54487919463085,150.55776510067113
wo_gap_ho,27,power_w,179.2670536912752,179.2623288590604,179.27257046979867
wo_gap_ho,29,power_w,180.29718791946308,180.29595302013422,180.29924832214766
wo_gap_ho,31,power_w,180.64529977628635,180.64141610738253,180.65008053691275
wo_gap_ho,33,power_w,180.55919015659956,180.55829530201342,180.5601543624161
wo_gap_ho,35,power_w,180.8934451901566,180.88669798657722,180.90070469798655
wo_gap_ho,1,violation_percent,0.22416940508088057,0.22332253245504036,0.22460731572953985
wo_gap_ho,3,violation_percent,0.19870478471110797,0.19861258440103344,0.19878498163325153
wo_gap_ho,5,violation_percent,0.1988310241686908,0.19869316315645766,0.19908581646536894
wo_gap_ho,7,violation_percent,0.20029045627610711,0.20020798542696167,0.20033348295179582
wo_gap_ho,9,violation_percent,0.20216273566309748,0.20180698196558822,0.20235509479732314
wo_gap_ho,11,violation_percent,0.20632785134026865,0.2061537686734588,0.20662557038489282
wo_gap_ho,13,violation_percent,0.21019995245461445,0.2100134232525082,0.21042065030045404
wo_gap_ho,15,violation_percent,0.2132325253934421,0.2131905195374924,0.213289776025582
wo_gap_ho,17,violation_percent,0.21956518995822238,0.21947410355114289,0.21974651796626615
wo_gap_ho,19,violation_percent,0.24642066832320828,0.24611532152686239,0.24668614515075984
wo_gap_ho,21,violation_percent,0.287413475500657,0.28637517978015103,0.28871754477701955
wo_gap_ho,23,violation_percent,0.38982401923280635,0.38721649120044405,0.3932099290981284
wo_gap_ho,25,violation_percent,1.0155829145909443,1.01140104675812,1.0202319286720554
wo_gap_ho,27,violation_percent,5.671867873880551,5.661947655066012,5.683170858090233
wo_gap_ho,29,violation_percent,12.826336715787269,12.82391337543946,12.829500278097441
wo_gap_ho,31,violation_percent,18.844132544028337,18.839238256670896,18.848973120730626
wo_gap_ho,33,violation_percent,22.544888199164944,22.54151852080521,22.549259248868115
wo_gap_ho,35,violation_percent,28.52426053883337,28.494539704662593,28.54212202181794
wo_gap_ho,1,p90_proxy_ms,16.926,16.926,16.926
wo_gap_ho,3,p90_proxy_ms,6.099822283058333,6.099338108724004,6.100128740450993
wo_gap_ho,5,p90_proxy_ms,4.016733333333334,4.0166,4.0168
wo_gap_ho,7,p90_proxy_ms,3.031476190476191,3.0314285714285716,3.0315714285714286
wo_gap_ho,9,p90_proxy_ms,2.4009686785656417,2.4005095253372932,2.401267635223601
wo_gap_ho,11,p90_proxy_ms,2.2728939227763645,2.272829763450789,2.272948230385463
wo_gap_ho,13,p90_proxy_ms,2.048564864707362,2.048293113356011,2.048970353566805
wo_gap_ho,15,p90_proxy_ms,2.0001333333333333,2.0001333333333333,2.0001333333333333
wo_gap_ho,17,p90_proxy_ms,1.670762576429074,1.6705972439598489,1.670927140395512
wo_gap_ho,19,p90_proxy_ms,1.473448264224715,1.4733020304763333,1.4735439952829594
wo_gap_ho,21,p90_proxy_ms,1.4950561248652185,1.4950269708815005,1.4950968254131953
wo_gap_ho,23,p90_proxy_ms,1.4798975406038632,1.4796797190068651,1.4800586402974925
wo_gap_ho,25,p90_proxy_ms,1.4364886447838845,1.4364333172554742,1.4365561458882625
wo_gap_ho,27,p90_proxy_ms,1.5132900563968288,1.5125041556489907,1.513809677101533
wo_gap_ho,29,p90_proxy_ms,143.3280506860149,143.1551625150831,143.42419049388607
wo_gap_ho,31,p90_proxy_ms,2605.625084684538,2603.2826335962923,2607.4538914250625
wo_gap_ho,33,p90_proxy_ms,4022.7458637217933,4021.3623011732743,4023.8655094306673
wo_gap_ho,35,p90_proxy_ms,6238.552704959407,6220.8274742857175,6247.880426306787
wo_gap_ho,1,p99_proxy_ms,18.926,18.926,18.926
wo_gap_ho,3,p99_proxy_ms,7.692046727191868,7.690769873839706,7.693329424671117
wo_gap_ho,5,p99_proxy_ms,4.996533333333333,4.9963999999999995,4.9966
wo_gap_ho,7,p99_proxy_ms,3.5341426050917026,3.5323676754056295,3.53608662649031
wo_gap_ho,9,p99_proxy_ms,3.0386792535350513,3.0384444444444445,3.038799688368572
wo_gap_ho,11,p99_proxy_ms,2.5918160985691925,2.591417710267111,2.5926029676770543
wo_gap_ho,13,p99_proxy_ms,2.405870169442245,2.4056587712031936,2.4059844655184035
wo_gap_ho,15,p99_proxy_ms,2.178953467127052,2.178794481856954,2.1790578623564563
wo_gap_ho,17,p99_proxy_ms,2.0503680353240896,2.0501539375941005,2.050742310291907
wo_gap_ho,19,p99_proxy_ms,2.0107612344627177,2.010494229703944,2.010894736842105
wo_gap_ho,21,p99_proxy_ms,2.16804161523777,2.161773162813809,2.174692793114283
wo_gap_ho,23,p99_proxy_ms,6.219692542771632,6.200473135485252,6.246902547531957
wo_gap_ho,25,p99_proxy_ms,20.628385646527043,20.044883932755095,21.237247360699087
wo_gap_ho,27,p99_proxy_ms,8332.893472829068,8329.144612368933,8338.611856296258
wo_gap_ho,29,p99_proxy_ms,14485.630686540937,14477.75804063988,14490.308648890255
wo_gap_ho,31,p99_proxy_ms,19472.303505625994,19471.32638085381,19473.039331935463
wo_gap_ho,33,p99_proxy_ms,21209.655432104348,21205.72047484847,21213.15898939391
wo_gap_ho,35,p99_proxy_ms,21960.945892680083,21956.46049424474,21966.326836991033
wo_gap_ho,1,macro_association_percent,0.10586178881804081,0.10586178881804081,0.10586178881804081
wo_gap_ho,3,macro_association_percent,0.10586178881804081,0.10586178881804081,0.10586178881804081
wo_gap_ho,5,macro_association_percent,0.10586178881804081,0.10586178881804081,0.10586178881804081
wo_gap_ho,7,macro_association_percent,0.10586178881804081,0.10586178881804081,0.10586178881804081
wo_gap_ho,9,macro_association_percent,0.10586178881804081,0.10586178881804081,0.10586178881804081
wo_gap_ho,11,macro_association_percent,0.10586178881804081,0.10586178881804081,0.10586178881804081
wo_gap_ho,13,macro_association_percent,0.10586178881804081,0.10586178881804081,0.10586178881804081
wo_gap_ho,15,macro_association_percent,0.10586178881804081,0.10586178881804081,0.10586178881804081
wo_gap_ho,17,macro_association_percent,0.12063320121125581,0.12063320121125581,0.12063320121125581
wo_gap_ho,19,macro_association_percent,0.691794480415569,0.6917944804155691,0.6917944804155691
wo_gap_ho,21,macro_association_percent,3.520519953716241,3.5205199537162413,3.5205199537162413
wo_gap_ho,23,macro_association_percent,8.995790147467934,8.995790147467934,8.995790147467934
wo_gap_ho,25,macro_association_percent,18.32804024389243,18.32639897584874,18.328860877914277
wo_gap_ho,27,macro_association_percent,23.28795227192529,23.287131637903443,23.28959353996898
wo_gap_ho,29,macro_association_percent,27.913045619045274,27.913045619045274,27.913045619045274
wo_gap_ho,31,macro_association_percent,31.059356458800067,31.059356458800067,31.059356458800067
wo_gap_ho,33,macro_association_percent,33.56803466358108,33.56803466358108,33.56803466358108
wo_gap_ho,35,macro_association_percent,36.03732243531352,36.03732243531352,36.03732243531352
wo_pet_bf,1,power_w,5.498127516778524,5.488926174496645,5.516409395973155
wo_pet_bf,3,power_w,8.194013422818792,8.182993288590604,8.214395973154362
wo_pet_bf,5,power_w,11.372565995525727,11.363060402684566,11.384637583892617
wo_pet_bf,7,power_w,14.605516778523493,14.602140939597316,14.611067114093963
wo_pet_bf,9,power_w,17.816404921700226,17.806161073825503,17.821704697986576
wo_pet_bf,11,power_w,21.191677852349,21.182557046979866,21.197604026845642
wo_pet_bf,13,power_w,24.86263982102908,24.851046979865774,24.870550335570474
wo_pet_bf,15,power_w,28.670689038031323,28.651496644295307,28.681986577181206
wo_pet_bf,17,power_w,32.322409395973146,32.30049664429529,32.33543624161073
wo_pet_bf,19,power_w,36.27429753914988,36.259557046979864,36.2821677852349
wo_pet_bf,21,power_w,41.387187919463095,41.35526174496645,41.409751677852356
wo_pet_bf,23,power_w,49.66159955257271,49.626684563758396,49.69526845637585
wo_pet_bf,25,power_w,70.18216331096197,70.03440268456376,70.26870469798656
wo_pet_bf,27,power_w,98.80408724832216,98.78235570469799,98.82447651006711
wo_pet_bf,29,power_w,133.3216308724832,133.3086644295302,133.33676510067113
wo_pet_bf,31,power_w,162.47258389261745,162.44573825503358,162.5013087248322
wo_pet_bf,33,power_w,175.57202684563762,175.53536241610738,175.61626174496647
wo_pet_bf,35,power_w,177.5423736017897,176.21874496644296,178.78328187919467
wo_pet_bf,1,violation_percent,0.24841850172984506,0.24745445765655943,0.24961819608369543
wo_pet_bf,3,violation_percent,0.21335283824171172,0.21221129278864376,0.21464232325822669
wo_pet_bf,5,violation_percent,0.21408373822153584,0.21260315449441464,0.21614554458973828
wo_pet_bf,7,violation_percent,0.21181878774216747,0.21045894943936896,0.2130985210766283
wo_pet_bf,9,violation_percent,0.21066423210151544,0.20955378655330348,0.21149154958073985
wo_pet_bf,11,violation_percent,0.21318110440296625,0.21246711865574855,0.21378111722061927
wo_pet_bf,13,violation_percent,0.21669766727234493,0.21594811153063795,0.21751014911001004
wo_pet_bf,15,violation_percent,0.22274415537992573,0.2217798684469191,0.22361422121558427
wo_pet_bf,17,violation_percent,0.2383698159707046,0.23610533016384,0.24034192840500906
wo_pet_bf,19,violation_percent,0.25889816323683706,0.2580866792673086,0.2600596573814545
wo_pet_bf,21,violation_percent,0.28754260059948655,0.2855321520734512,0.29024107903056445
wo_pet_bf,23,violation_percent,0.2615816524880357,0.25899378030900044,0.2649991572709036
wo_pet_bf,25,violation_percent,0.22204180439408236,0.218005583696045,0.22514199316820716
wo_pet_bf,27,violation_percent,0.1920747449995539,0.19026000579307975,0.19403709000262126
wo_pet_bf,29,violation_percent,0.26189414695496227,0.2560028439309528,0.2654999197673687
wo_pet_bf,31,violation_percent,0.4069839318993635,0.40087234968381213,0.41006238716412835
wo_pet_bf,33,violation_percent,1.1742913167760227,1.1437549945150502,1.1914437994957248
wo_pet_bf,35,violation_percent,4.975437726064995,4.531016695580785,5.28224952814872
wo_pet_bf,1,p90_proxy_ms,16.321640515405065,16.313000000000002,16.333000000000002
wo_pet_bf,3,p90_proxy_ms,6.030333333333334,6.029999999999999,6.030666666666667
wo_pet_bf,5,p90_proxy_ms,4.0006,4.0004,4.0008
wo_pet_bf,7,p90_proxy_ms,3.0252827023668303,3.0249909642433472,3.025571428571429
wo_pet_bf,9,p90_proxy_ms,2.317710170650123,2.3164840768374217,2.3187431676279897
wo_pet_bf,11,p90_proxy_ms,2.2484025818576865,2.247652383717036,2.248953032613647
wo_pet_bf,13,p90_proxy_ms,2.0137582724375442,2.0136594326972483,2.0138461538461536
wo_pet_bf,15,p90_proxy_ms,1.9714101997448934,1.9698666666666667,1.9723173483550964
wo_pet_bf,17,p90_proxy_ms,1.4933768833716028,1.492635657844219,1.4946601144407003
wo_pet_bf,19,p90_proxy_ms,1.4814014012854528,1.481161206441653,1.4817929591848653
wo_pet_bf,21,p90_proxy_ms,1.481143870578036,1.4807593906124046,1.4813953433993983
wo_pet_bf,23,p90_proxy_ms,1.4320290035041376,1.4318948672294143,1.4321652898446524
wo_pet_bf,25,p90_proxy_ms,1.379327135662834,1.3789819352339483,1.379622448681659
wo_pet_bf,27,p90_proxy_ms,1.347436532837163,1.3472528525688194,1.3476613787587453
wo_pet_bf,29,p90_proxy_ms,1.3260992142589692,1.3260517007976607,1.3261487845719186
wo_pet_bf,31,p90_proxy_ms,1.2051412612416323,1.204805661363987,1.205425068455112
wo_pet_bf,33,p90_proxy_ms,1.1791798413623598,1.1789825940013225,1.1794606526857825
wo_pet_bf,35,p90_proxy_ms,1.2533827514399227,1.2359554815291254,1.2667682913400677
wo_pet_bf,1,p99_proxy_ms,18.896,18.896,18.896
wo_pet_bf,3,p99_proxy_ms,7.160712045859257,7.158000066177581,7.162953731937134
wo_pet_bf,5,p99_proxy_ms,4.519177833844995,4.513507614114824,4.52428517166628
wo_pet_bf,7,p99_proxy_ms,3.4698556247308026,3.4665090935246394,3.472601864094994
wo_pet_bf,9,p99_proxy_ms,3.0045497973016637,3.003777777777778,3.005
wo_pet_bf,11,p99_proxy_ms,2.5697510945637165,2.567597048888535,2.571617093010542
wo_pet_bf,13,p99_proxy_ms,2.3257355720438366,2.323838948640773,2.3269736991172922
wo_pet_bf,15,p99_proxy_ms,2.1354646116458684,2.1337762590764897,2.1370838270782304
wo_pet_bf,17,p99_proxy_ms,2.0116470588235296,2.0114705882352943,2.011764705882353
wo_pet_bf,19,p99_proxy_ms,1.8707640178656841,1.8688341833184345,1.8723254621334642
wo_pet_bf,21,p99_proxy_ms,1.8025687829886643,1.8011780697620272,1.8034359092008487
wo_pet_bf,23,p99_proxy_ms,1.7553886967626686,1.7543636381207284,1.7566153089064895
wo_pet_bf,25,p99_proxy_ms,1.6422143532014568,1.6386259114353465,1.64457306634087
wo_pet_bf,27,p99_proxy_ms,1.562953871448988,1.562102931557662,1.5637474340398922
wo_pet_bf,29,p99_proxy_ms,1.5296514332897544,1.5288260265434537,1.5302206845724757
wo_pet_bf,31,p99_proxy_ms,2.030379592946121,2.0220869677017093,2.046426461047723
wo_pet_bf,33,p99_proxy_ms,36.412618388721604,34.09692228157339,37.94600503752119
wo_pet_bf,35,p99_proxy_ms,445.2351999490663,382.206096231594,506.4290617563345
wo_pet_bf,1,macro_association_percent,0.07139515990053916,0.07139515990053916,0.07139515990053916
wo_pet_bf,3,macro_association_percent,0.07385706196607499,0.07385706196607499,0.07385706196607499
wo_pet_bf,5,macro_association_percent,0.07631896403161083,0.07631896403161083,0.07631896403161083
wo_pet_bf,7,macro_association_percent,0.08124276816268249,0.08124276816268249,0.08124276816268249
wo_pet_bf,9,macro_association_percent,0.08124276816268249,0.08124276816268249,0.08124276816268249
wo_pet_bf,11,macro_association_percent,0.08616657229375417,0.08616657229375416,0.08616657229375416
wo_pet_bf,13,macro_association_percent,0.08862847435928999,0.08862847435928999,0.08862847435928999
wo_pet_bf,15,macro_association_percent,0.09109037642482581,0.09109037642482581,0.09109037642482581
wo_pet_bf,17,macro_association_percent,0.09109037642482581,0.09109037642482581,0.09109037642482581
wo_pet_bf,19,macro_association_percent,0.10339988675250499,0.10339988675250499,0.10339988675250499
wo_pet_bf,21,macro_association_percent,0.1427903198010783,0.1427903198010783,0.1427903198010783
wo_pet_bf,23,macro_association_percent,0.8715133311996849,0.8715133311996849,0.8715133311996849
wo_pet_bf,25,macro_association_percent,4.383826944697473,4.355104753932888,4.399418991112533
wo_pet_bf,27,macro_association_percent,9.040104384647579,9.040104384647579,9.040104384647579
wo_pet_bf,29,macro_association_percent,13.981141830177995,13.981141830177995,13.981141830177995
wo_pet_bf,31,macro_association_percent,17.40072379920727,17.398261897141733,17.403185701272804
wo_pet_bf,33,macro_association_percent,17.874229629811992,17.868485191659076,17.883256604052292
wo_pet_bf,35,macro_association_percent,16.32979640069918,16.12299662719417,16.54890568453187
wo_otr_ra,1,power_w,9.934946308724832,9.931040268456377,9.938751677852348
wo_otr_ra,3,power_w,14.818167785234904,14.816872483221479,14.818953020134233
wo_otr_ra,5,power_w,18.533691275167783,18.52894630872483,18.53940268456376
wo_otr_ra,7,power_w,21.921521252796424,21.916046979865776,21.927791946308723
wo_otr_ra,9,power_w,25.18402013422819,25.179637583892617,25.187879194630877
wo_otr_ra,11,power_w,28.32463758389262,28.32289932885906,28.32720805369128
wo_otr_ra,13,power_w,31.10994630872483,31.10944966442953,31.11023489932886
wo_otr_ra,15,power_w,33.91842953020134,33.91550335570469,33.9200067114094
wo_otr_ra,17,power_w,37.34014317673377,37.33341610738254,37.34810738255033
wo_otr_ra,19,power_w,41.73225503355706,41.72857718120806,41.73638255033557
wo_otr_ra,21,power_w,46.800671140939606,46.79648993288591,46.80814093959733
wo_otr_ra,23,power_w,55.54698881431767,55.50401342281879,55.624671140939604
wo_otr_ra,25,power_w,76.03506040268456,75.77123489932886,76.31510067114094
wo_otr_ra,27,power_w,105.59131096196866,105.58001342281878,105.60545637583893
wo_otr_ra,29,power_w,141.00502684563762,140.9909932885906,141.01959060402686
wo_otr_ra,31,power_w,167.46359955257273,167.4528456375839,167.47455033557048
wo_otr_ra,33,power_w,178.89291946308722,178.87011409395973,178.92977852348994
wo_otr_ra,35,power_w,182.60694854586146,182.58044966442972,182.62853020134247
wo_otr_ra,1,violation_percent,0.22053073896264197,0.22022803887673312,0.2210355383298843
wo_otr_ra,3,violation_percent,0.21574237502425797,0.21564056535566486,0.2158669507482501
wo_otr_ra,5,violation_percent,0.21705376214668695,0.21696056091792065,0.217111087110229
wo_otr_ra,7,violation_percent,0.21647684084426766,0.21638488133001438,0.2165856802676689
wo_otr_ra,9,violation_percent,0.21936452405912435,0.21932942901923044,0.2194073312528872
wo_otr_ra,11,violation_percent,0.2224552091279257,0.2224212941469943,0.22249599769076775
wo_otr_ra,13,violation_percent,0.22511844064289974,0.22499374944903103,0.2252167192445707
wo_otr_ra,15,violation_percent,0.23364666442967721,0.23297148527119488,0.23423792942185453
wo_otr_ra,17,violation_percent,0.28502809956100306,0.2838722258853073,0.28611767045409736
wo_otr_ra,19,violation_percent,0.30116889873677466,0.2978686144588947,0.3035014603226964
wo_otr_ra,21,violation_percent,0.37172849566571015,0.3643136561754732,0.3768855951891346
wo_otr_ra,23,violation_percent,0.3111589288549892,0.3088295006090914,0.314439133176494
wo_otr_ra,25,violation_percent,0.26804818915347156,0.26234652348174,0.27248209274467444
wo_otr_ra,27,violation_percent,0.21255616789172738,0.21215598610989733,0.2130722511688487
wo_otr_ra,29,violation_percent,0.29827022625629496,0.29653282065452646,0.30004983085744646
wo_otr_ra,31,violation_percent,0.7581768363617609,0.7482856040767176,0.768189831002384
wo_otr_ra,33,violation_percent,4.400204289422535,4.387950202759976,4.416601837850536
wo_otr_ra,35,violation_percent,12.339894388598637,12.317790824324625,12.354150366008602
wo_otr_ra,1,p90_proxy_ms,6.015333333333333,6.015000000000001,6.016
wo_otr_ra,3,p90_proxy_ms,3.0405555555555552,3.0403333333333333,3.0406666666666666
wo_otr_ra,5,p90_proxy_ms,2.958133333333333,2.958,2.9581999999999997
wo_otr_ra,7,p90_proxy_ms,2.012904761904762,2.012857142857143,2.013
wo_otr_ra,9,p90_proxy_ms,2.0046666666666666,2.0046666666666666,2.0046666666666666
wo_otr_ra,11,p90_proxy_ms,1.997030303030303,1.997,1.9970909090909092
wo_otr_ra,13,p90_proxy_ms,1.5385948215985736,1.5369295087292294,1.5400192399871186
wo_otr_ra,15,p90_proxy_ms,1.0912418412223273,1.0911450750725826,1.0914143253009099
wo_otr_ra,17,p90_proxy_ms,1.0953864776232238,1.0952011418983314,1.0956663658030787
wo_otr_ra,19,p90_proxy_ms,1.1697900097122569,1.1696581802928705,1.1700246386436046
wo_otr_ra,21,p90_proxy_ms,1.229161053585768,1.2291095932537592,1.2292012959064447
wo_otr_ra,23,p90_proxy_ms,1.2583699405230344,1.2579734029112466,1.2586453564649813
wo_otr_ra,25,p90_proxy_ms,1.2534193244586322,1.2533306225519467,1.2535559115872423
wo_otr_ra,27,p90_proxy_ms,1.2361635668132447,1.2361257691687,1.2361952860231122
wo_otr_ra,29,p90_proxy_ms,1.147460363685123,1.147428903137865,1.1475059658337037
wo_otr_ra,31,p90_proxy_ms,1.0848499712862516,1.0842538768394083,1.0855135363839192
wo_otr_ra,33,p90_proxy_ms,1.1254444987878542,1.12459083374558,1.1260370318388295
wo_otr_ra,35,p90_proxy_ms,55.10156874294912,54.93893159825066,55.42218320202523
wo_otr_ra,1,p99_proxy_ms,9.092666666666666,9.090000000000002,9.094
wo_otr_ra,3,p99_proxy_ms,5.006888888888889,5.006666666666667,5.007333333333333
wo_otr_ra,5,p99_proxy_ms,3.0598000000000005,3.0596,3.0602
wo_otr_ra,7,p99_proxy_ms,3.012190476190476,3.012,3.0122857142857145
wo_otr_ra,9,p99_proxy_ms,2.067861776406222,2.0672002801295557,2.0687209338751855
wo_otr_ra,11,p99_proxy_ms,2.0996757582111747,2.0989453860624065,2.1007492645683006
wo_otr_ra,13,p99_proxy_ms,2.0207179487179485,2.0206923076923076,2.020769230769231
wo_otr_ra,15,p99_proxy_ms,2.011066666666667,2.011,2.011133333333333
wo_otr_ra,17,p99_proxy_ms,1.9972549019607844,1.9971176470588237,1.9974117647058824
wo_otr_ra,19,p99_proxy_ms,1.7774107953791132,1.7736439047770751,1.7803892260134186
wo_otr_ra,21,p99_proxy_ms,1.996093397785074,1.9949468600218883,1.9976666666666667
wo_otr_ra,23,p99_proxy_ms,2.0401019578227637,2.033291233345302,2.0510623240851005
wo_otr_ra,25,p99_proxy_ms,1.785807653017925,1.7587735836668785,1.8235274792650558
wo_otr_ra,27,p99_proxy_ms,1.5130234059065903,1.5120919174773073,1.5144021162800503
wo_otr_ra,29,p99_proxy_ms,1.479560869404347,1.4780362978918204,1.482007649500894
wo_otr_ra,31,p99_proxy_ms,9.038110788488275,8.993871612903211,9.112981467884007
wo_otr_ra,33,p99_proxy_ms,365.25847979696954,363.89238141390854,365.98306989570074
wo_otr_ra,35,p99_proxy_ms,1067.0467642896417,1061.8773510256158,1071.4103790023546
wo_otr_ra,1,macro_association_percent,0.07139515990053916,0.07139515990053916,0.07139515990053916
wo_otr_ra,3,macro_association_percent,0.07385706196607499,0.07385706196607499,0.07385706196607499
wo_otr_ra,5,macro_association_percent,0.07631896403161083,0.07631896403161083,0.07631896403161083
wo_otr_ra,7,macro_association_percent,0.08124276816268249,0.08124276816268249,0.08124276816268249
wo_otr_ra,9,macro_association_percent,0.08124276816268249,0.08124276816268249,0.08124276816268249
wo_otr_ra,11,macro_association_percent,0.08616657229375417,0.08616657229375416,0.08616657229375416
wo_otr_ra,13,macro_association_percent,0.08862847435928999,0.08862847435928999,0.08862847435928999
wo_otr_ra,15,macro_association_percent,0.09109037642482581,0.09109037642482581,0.09109037642482581
wo_otr_ra,17,macro_association_percent,0.09109037642482581,0.09109037642482581,0.09109037642482581
wo_otr_ra,19,macro_association_percent,0.10339988675250499,0.10339988675250499,0.10339988675250499
wo_otr_ra,21,macro_association_percent,0.14771412393214997,0.14771412393214997,0.14771412393214997
wo_otr_ra,23,macro_association_percent,1.001994140673084,0.9921465324109406,1.0216893571973706
wo_otr_ra,25,macro_association_percent,4.495433171668431,4.438809424161107,4.549595017110219
wo_otr_ra,27,macro_association_percent,9.042566286713114,9.042566286713114,9.042566286713114
wo_otr_ra,29,macro_association_percent,14.05499889214407,14.05499889214407,14.05499889214407
wo_otr_ra,31,macro_association_percent,17.14140344830416,17.13976218026047,17.142224082326006
wo_otr_ra,33,macro_association_percent,17.024052783180284,17.019128979049214,17.028976587311355
wo_otr_ra,35,macro_association_percent,15.773406533888084,15.773406533888082,15.773406533888082
