rate_mbps,ho_ms,method,n,blocked_vehicle_time_percent_mean,blocked_vehicle_time_percent_std,handover_count_mean,handover_count_std,handovers_per_vehicle_s_mean,handovers_per_vehicle_s_std,macro_association_percent_mean,macro_association_percent_std,mean_proxy_ms_mean,mean_proxy_ms_std,p99_proxy_ms_mean,p99_proxy_ms_std,pilots_per_vehicle_slot_mean,pilots_per_vehicle_slot_std,power_w_mean,power_w_std,violation_percent_mean,violation_percent_std
5,0,capacity_corrected,3,0.0,0.0,698.0,0.0,0.17244360995133037,0.0,0.0,0.0,2.6355977964897854,0.00015731819649545084,4.7434234613044985,0.000683618769060597,1.0002017708223523,0.0,8.54654545454546,0.0005358086285398242,0.0,0.0
5,0,original,3,0.0,0.0,698.0,0.0,0.17244360995133037,0.0,0.0,0.0,2.6355977964897854,0.00015731819649545084,4.7434234613044985,0.000683618769060597,1.0002017708223523,0.0,8.54654545454546,0.0005358086285398242,0.0,0.0
5,5,capacity_corrected,3,0.08622180497566519,0.0,698.0,0.0,0.17244360995133037,0.0,0.0,0.0,2.6381573857066787,0.00016373896225902417,4.754179036598281,0.0007858239766266884,0.9993402173765924,0.0,8.54642648709316,0.00016416803145501515,0.0,0.0
5,5,original,3,0.08622180497566519,0.0,698.0,0.0,0.17244360995133037,0.0,0.0,0.0,2.6381573857066787,0.00016373896225902417,4.754179036598281,0.0007858239766266884,0.9993402173765924,0.0,8.54642648709316,0.00016416803145501515,0.0,0.0
5,10,capacity_corrected,3,0.17244360995133037,0.0,698.0,0.0,0.17244360995133037,0.0,0.0,0.0,2.6448283670376234,0.0004574609961151877,4.776044426024361,0.0009690731383481074,0.9984786639308325,0.0,8.546868686868693,0.00018454127415550606,0.0,0.0
5,10,original,3,0.17244360995133037,0.0,698.0,0.0,0.17244360995133037,0.0,0.0,0.0,2.6448283670376234,0.0004574609961151877,4.776044426024361,0.0009690731383481074,0.9984786639308325,0.0,8.546868686868693,0.00018454127415550606,0.0,0.0
21,0,capacity_corrected,3,0.0,0.0,948.0,0.0,0.23420708056427106,0.0,0.06670454826197594,0.0,1.3248427561794698,0.0002577339798533321,1.776699560344967,4.937708344494785e-05,0.9995617082000156,1.3597399555105182e-16,46.43039057239056,0.0006200773444663535,0.0118325022443632,0.0006685317475053846
21,0,original,3,0.0,0.0,948.0,0.0,0.23420708056427106,0.0,0.06670454826197594,0.0,1.3248427561794698,0.0002577339798533321,1.776699560344967,4.937708344494785e-05,0.9995617082000156,1.3597399555105182e-16,46.43039057239056,0.0006200773444663535,0.0118325022443632,0.0006685317475053846
21,5,capacity_corrected,3,0.1094448699261309,0.0,886.0,0.0,0.21888973985226176,0.0,0.06917508708649356,0.0,1.3299389005831672,5.843849639044028e-05,1.7941654913613327,0.00010586313292442644,0.9984754117242183,0.0,46.448695847362494,0.00031386058471304237,0.006557666348880556,9.630411659858637e-05
21,5,original,3,0.11710354028213553,0.0,948.0,0.0,0.23420708056427106,0.0,0.06670454826197594,0.0,1.3357538425906714,9.409839907263736e-05,1.7986971962217042,8.301489497761164e-05,0.9984254018865094,0.0,46.433780022446676,0.0007010270274604761,0.014355763108769659,4.171969326625576e-05
21,10,capacity_corrected,3,0.21296044667341948,0.0,862.0,0.0,0.21296044667341948,3.3993498887762956e-17,0.07905724238456407,0.0,1.349429396512207,9.244965858917353e-05,1.8214469128687092,0.00012940999475512694,0.9973714935510892,0.0,46.513916947250266,0.0002123437807667251,0.006317565371999664,0.0003361744023442991
21,10,original,3,0.23420708056427106,0.0,948.0,0.0,0.23420708056427106,0.0,0.06670454826197594,0.0,1.3672495406156255,0.00014096452015010237,1.8434819990282214,0.00047618022901697914,0.9972890955730028,1.3597399555105182e-16,46.43885072951739,0.0002622230638271668,0.02838139148995876,0.0003300077122714613
35,0,capacity_corrected,3,0.0,0.0,2064.0,0.0,0.5099192133804382,0.0,16.248733848852435,0.0,620.0423216477424,0.2584568387128801,9530.053457112195,2.0246635973839315,0.8374377562464849,1.3597399555105182e-16,185.76509539842826,2.364905443993276e-05,33.92775050885225,0.0038501893443483068
35,0,original,3,0.0,0.0,2064.0,0.0,0.5099192133804382,0.0,16.248733848852435,0.0,620.0423216477424,0.2584568387128801,9530.053457112195,2.0246635973839315,0.8374377562464849,1.3597399555105182e-16,185.76509539842826,2.364905443993276e-05,33.92775050885225,0.0038501893443483068
35.0,5.0,capacity_corrected,3,0.17219655606887863,0.0,1394.0,0.0,0.3443931121377572,0.0,16.021444276996814,0.0,623.255044376736,0.21927640743722487,9443.746175983897,0.6436360830696004,0.8388451471739108,0.0,185.76187205387157,9.711922626286146e-05,34.05243727807538,0.006058003553588659
35.0,5.0,original,3,0.2549596066902191,0.0,2064.0,0.0,0.5099192133804382,0.0,16.248733848852435,0.0,620.817134737029,0.2603022553079414,9503.101987793838,2.097951222400194,0.836141524764035,0.0,185.76329292929245,4.096136384092588e-05,34.030757761246385,0.004251863860837387
35.0,10.0,capacity_corrected,3,0.25347728339550857,0.0,1026.0,0.0,0.25347728339550857,0.0,15.915211107542556,0.0,626.080040408311,0.22407115442728273,9387.72257918037,1.8537762526539163,0.8395098482883996,0.0,185.73111560044845,6.745220743131182e-05,34.217140901287365,0.003657759774535996
35.0,10.0,original,3,0.5099192133804382,0.0,2064.0,0.0,0.5099192133804382,0.0,16.248733848852435,0.0,621.5485925824058,0.25974483831118933,9496.332627515823,0.8651760406896727,0.8348452932815852,0.0,185.76353086419707,5.098907605980265e-05,34.12418679775979,0.004707591259126341
