rate_mbps,ho_ms,n,blocked_vehicle_time_percent_delta_mean,blocked_vehicle_time_percent_delta_ci95_half,blocked_vehicle_time_percent_delta_min,blocked_vehicle_time_percent_delta_max,handover_count_delta_mean,handover_count_delta_ci95_half,handover_count_delta_min,handover_count_delta_max,handovers_per_vehicle_s_delta_mean,handovers_per_vehicle_s_delta_ci95_half,handovers_per_vehicle_s_delta_min,handovers_per_vehicle_s_delta_max,macro_association_percent_delta_mean,macro_association_percent_delta_ci95_half,macro_association_percent_delta_min,macro_association_percent_delta_max,mean_proxy_ms_delta_mean,mean_proxy_ms_delta_ci95_half,mean_proxy_ms_delta_min,mean_proxy_ms_delta_max,p99_proxy_ms_delta_mean,p99_proxy_ms_delta_ci95_half,p99_proxy_ms_delta_min,p99_proxy_ms_delta_max,pilots_per_vehicle_slot_delta_mean,pilots_per_vehicle_slot_delta_ci95_half,pilots_per_vehicle_slot_delta_min,pilots_per_vehicle_slot_delta_max,power_w_delta_mean,power_w_delta_ci95_half,power_w_delta_min,power_w_delta_max,violation_percent_delta_mean,violation_percent_delta_ci95_half,violation_percent_delta_min,violation_percent_delta_max
5,0,3,0.0,0.0,0.0,0.0,0.0,0.0,0.0,0.0,0.0,0.0,0.0,0.0,0.0,0.0,0.0,0.0,0.0,0.0,0.0,0.0,0.0,0.0,0.0,0.0,0.0,0.0,0.0,0.0,0.0,0.0,0.0,0.0,0.0,0.0,0.0,0.0
5,5,3,0.0,0.0,0.0,0.0,0.0,0.0,0.0,0.0,0.0,0.0,0.0,0.0,0.0,0.0,0.0,0.0,0.0,0.0,0.0,0.0,0.0,0.0,0.0,0.0,0.0,0.0,0.0,0.0,0.0,0.0,0.0,0.0,0.0,0.0,0.0,0.0
5,10,3,0.0,0.0,0.0,0.0,0.0,0.0,0.0,0.0,0.0,0.0,0.0,0.0,0.0,0.0,0.0,0.0,0.0,0.0,0.0,0.0,0.0,0.0,0.0,0.0,0.0,0.0,0.0,0.0,0.0,0.0,0.0,0.0,0.0,0.0,0.0,0.0
21,0,3,0.0,0.0,0.0,0.0,0.0,0.0,0.0,0.0,0.0,0.0,0.0,0.0,0.0,0.0,0.0,0.0,0.0,0.0,0.0,0.0,0.0,0.0,0.0,0.0,0.0,0.0,0.0,0.0,0.0,0.0,0.0,0.0,0.0,0.0,0.0,0.0
21,5,3,-0.007658670356004635,0.0,-0.007658670356004635,-0.007658670356004635,-62.0,0.0,-62.0,-62.0,-0.015317340712009297,0.0,-0.015317340712009297,-0.015317340712009297,0.002470538824517615,0.0,0.002470538824517615,0.002470538824517615,-0.005814942007504283,0.00019585155953880004,-0.005876412430169786,-0.005726052501930701,-0.004531704860371244,0.00020652112116265026,-0.004625459246814678,-0.004466962320434531,5.0009837708864247e-05,0.0,5.0009837708864247e-05,5.0009837708864247e-05,0.014915824915820034,0.001154003342283904,0.014558922558926213,0.015441077441067819,-0.007798096759889101,0.0003389247937894445,-0.007927435473695326,-0.007655528154007466
21,10,3,-0.021246633890851574,0.0,-0.021246633890851574,-0.021246633890851574,-86.0,0.0,-86.0,-86.0,-0.0212466338908516,0.0,-0.0212466338908516,-0.0212466338908516,0.012352694122588131,0.0,0.012352694122588131,0.012352694122588131,-0.01782014410341855,0.0001917464781147188,-0.017906897327099935,-0.017759062994920027,-0.02203508615951222,0.0010447353792274322,-0.022514633749622037,-0.021728991401789077,8.239797808629046e-05,0.0,8.239797808629046e-05,8.239797808629046e-05,0.07506621773287254,0.0003363713415595646,0.07491582491581283,0.07517845117843791,-0.022063826117959096,0.0007369137581744574,-0.022350983893931305,-0.02175852162486095
35,0,3,0.0,0.0,0.0,0.0,0.0,0.0,0.0,0.0,0.0,0.0,0.0,0.0,0.0,0.0,0.0,0.0,0.0,0.0,0.0,0.0,0.0,0.0,0.0,0.0,0.0,0.0,0.0,0.0,0.0,0.0,0.0,0.0,0.0,0.0,0.0,0.0
35.0,5.0,3,-0.08276305062134048,0.0,-0.08276305062134048,-0.08276305062134048,-670.0,0.0,-670.0,-670.0,-0.16552610124268102,0.0,-0.16552610124268102,-0.16552610124268102,-0.22728957185562138,0.0,-0.22728957185562138,-0.22728957185562138,2.4379096397069966,0.13014947763042822,2.3774985001590494,2.4709107201011875,-59.355811809940256,4.716678737701824,-60.869471737532876,-57.225388770893915,0.002703622409875761,0.0,0.002703622409875761,0.002703622409875761,-0.001420875420876655,0.00027639522613877245,-0.0014949494949689779,-0.0012929292929584335,0.021679516828989165,0.004514438085448339,0.01960360903494518,0.02298309415628097
35.0,10.0,3,-0.25644192998492965,0.0,-0.25644192998492965,-0.25644192998492965,-1038.0,0.0,-1038.0,-1038.0,-0.25644192998492965,0.0,-0.25644192998492965,-0.25644192998492965,-0.3335227413098796,0.0,-0.3335227413098796,-0.3335227413098796,4.5314478259050475,0.09455036942303047,4.508902059231104,4.575392641787744,-108.61004833545182,2.803279007571114,-109.87615994691078,-107.710216728261,0.004664555006814397,0.0,0.004664555006814397,0.004664555006814397,-0.03241526374859897,6.333194343132516e-05,-0.03244444444447936,-0.032397306397285774,0.09295410352756998,0.0031049185872506595,0.09152818728041723,0.09386023768759344
