rate_mbps,seed,ho_ms,method,blocked_vehicle_time_percent,handover_count,handovers_per_vehicle_s,macro_association_percent,mean_proxy_ms,p99_proxy_ms,pilots_per_vehicle_slot,power_w,violation_percent
21,1,0,capacity_corrected,0.0,948,0.23420708056427106,0.06670454826197594,1.3249066753201497,1.7767507540447225,0.9995617082000157,46.42993939393937,0.012021750875051664
21,1,0,original,0.0,948,0.23420708056427106,0.06670454826197594,1.3249066753201497,1.7767507540447225,0.9995617082000157,46.42993939393937,0.012021750875051664
21,1,10,capacity_corrected,0.21296044667341948,862,0.21296044667341946,0.07905724238456407,1.3494457741635084,1.821563621265013,0.9973714935510892,46.513872053872035,0.005979574544916106
21,1,10,original,0.23420708056427106,948,0.23420708056427106,0.06670454826197594,1.3673526714906084,1.8434252545921386,0.9972890955730029,46.43895622895622,0.028330558438847412
21,1,5,capacity_corrected,0.1094448699261309,886,0.21888973985226176,0.06917508708649356,1.329929931964305,1.794148562103076,0.9984754117242183,46.4485387205387,0.006653100948020944
21,1,5,original,0.11710354028213553,948,0.23420708056427106,0.06670454826197594,1.3356559844662357,1.7986155244235105,0.9984254018865094,46.43309764309763,0.01430862910202841
21,2,0,capacity_corrected,0.0,948,0.23420708056427106,0.06670454826197594,1.3250625158216702,1.7766522264254032,0.9995617082000157,46.43109764309763,0.012386008636715734
21,2,0,original,0.0,948,0.23420708056427106,0.06670454826197594,1.3250625158216702,1.7766522264254032,0.9995617082000157,46.43109764309763,0.012386008636715734
21.0,2,10.0,capacity_corrected,0.21296044667341948,862,0.21296044667341946,0.07905724238456407,1.3495125628658111,1.8214693751875362,0.9973714935510892,46.51414814814814,0.006651893418125201
21.0,2,10.0,original,0.23420708056427106,948,0.23420708056427106,0.06670454826197594,1.3673070348540468,1.8439840089371582,0.9972890955730029,46.43904377104377,0.028733866253210224
21.0,2,5.0,capacity_corrected,0.1094448699261309,886,0.21888973985226176,0.06917508708649356,1.3298854648548981,1.7942787989829487,0.9984754117242183,46.449057239057225,0.006559382447322426
21.0,2,5.0,original,0.11710354028213553,948,0.23420708056427106,0.06670454826197594,1.335761877285068,1.7987814919968133,0.9984254018865094,46.4344983164983,0.01437070909928694
21,3,0,capacity_corrected,0.0,948,0.23420708056427106,0.06670454826197594,1.324559077396589,1.7766957005647748,0.9995617082000157,46.430134680134664,0.011089747221322204
21,3,0,original,0.0,948,0.23420708056427106,0.06670454826197594,1.324559077396589,1.7766957005647748,0.9995617082000157,46.430134680134664,0.011089747221322204
21.0,3,10.0,capacity_corrected,0.21296044667341948,862,0.21296044667341946,0.07905724238456407,1.3493298525073019,1.821307742153578,0.9973714935510892,46.513730639730625,0.006321228152957688
21.0,3,10.0,original,0.23420708056427106,948,0.23420708056427106,0.06670454826197594,1.367088915502222,1.843036733555367,0.9972890955730029,46.43855218855219,0.02807974977781864
21.0,3,5.0,capacity_corrected,0.1094448699261309,886,0.21888973985226176,0.06917508708649356,1.330001304930298,1.7940691129979738,0.9984754117242183,46.44849158249156,0.006460515651298297
21.0,3,5.0,original,0.11710354028213553,948,0.23420708056427106,0.06670454826197594,1.3358436660207103,1.7986945722447885,0.9984254018865094,46.4337441077441,0.014387951124993623
35,1,0,capacity_corrected,0.0,2064,0.5099192133804382,16.248733848852435,619.7706451475492,9528.695905019893,0.8374377562464848,185.76507070707024,33.92332821688678
35,1,0,original,0.0,2064,0.5099192133804382,16.248733848852435,619.7706451475492,9528.695905019893,0.8374377562464848,185.76507070707024,33.92332821688678
35.0,1,10.0,capacity_corrected,0.25347728339550857,1026,0.25347728339550857,15.915211107542556,625.838773857434,9385.59047612483,0.8395098482883996,185.73109090909043,34.21302986587088
35.0,1,10.0,original,0.5099192133804382,2064,0.5099192133804382,16.248733848852435,621.2633812156463,9495.46663607174,0.8348452932815852,185.76349494949446,34.119169628183286
35.0,1,5.0,capacity_corrected,0.17219655606887863,1394,0.3443931121377572,16.021444276996814,623.0098051805987,9443.806683406325,0.8388451471739108,185.7617912457908,34.045641816362895
35.0,1,5.0,original,0.2549596066902191,2064,0.5099192133804382,16.248733848852435,620.5388944604975,9501.032072177219,0.836141524764035,185.7632659932655,34.02603820732795
35,2,0,capacity_corrected,0.0,2064,0.5099192133804382,16.248733848852435,620.2851358152669,9532.380581398278,0.8374377562464848,185.7650976430972,33.92956610671345
35,2,0,original,0.0,2064,0.5099192133804382,16.248733848852435,620.2851358152669,9532.380581398278,0.8374377562464848,185.7650976430972,33.92956610671345
35.0,2,10.0,capacity_corrected,0.25347728339550857,1026,0.25347728339550857,15.915211107542556,626.2816102071325,9388.624043906373,0.8395098482883996,185.73119191919147,34.220035315545566
35.0,2,10.0,original,0.5099192133804382,2064,0.5099192133804382,16.248733848852435,621.7715614304362,9496.334260634634,0.8348452932815852,185.76358922558876,34.12850712826515
35.0,2,5.0,capacity_corrected,0.17219655606887863,1394,0.3443931121377572,16.021444276996814,623.4322116178978,9444.357421724206,0.8388451471739108,185.7619797979793,34.057272257045526
35.0,2,5.0,original,0.2549596066902191,2064,0.5099192133804382,16.248733848852435,621.0547131177387,9505.226893461739,0.836141524764035,185.76327272727227,34.034289162889245
35,3,0,capacity_corrected,0.0,2064,0.5099192133804382,16.248733848852435,620.0711839804108,9529.083884918415,0.8374377562464848,185.76511784511737,33.930357202956515
35,3,0,original,0.0,2064,0.5099192133804382,16.248733848852435,620.0711839804108,9529.083884918415,0.8374377562464848,185.76511784511737,33.930357202956515
35.0,3,10.0,capacity_corrected,0.25347728339550857,1026,0.25347728339550857,15.915211107542556,626.1197371603662,9388.95321750991,0.8395098482883996,185.7310639730635,34.218357522445636
35.0,3,10.0,original,0.5099192133804382,2064,0.5099192133804382,16.248733848852435,621.6108351011351,9497.196985841094,0.8348452932815852,185.76350841750798,34.12488363683094
35.0,3,5.0,capacity_corrected,0.17219655606887863,1394,0.3443931121377572,16.021444276996814,623.3231163317117,9443.074422821162,0.8388451471739108,185.76184511784462,34.054397760817714
35.0,3,5.0,original,0.2549596066902191,2064,0.5099192133804382,16.248733848852435,620.857796632851,9503.046997742556,0.836141524764035,185.76334006733958,34.03194591352197
5,1,0,capacity_corrected,0.0,698,0.17244360995133037,0.0,2.6354212372466863,4.743443309820727,1.0002017708223523,8.545966329966335,0.0
5,1,0,original,0.0,698,0.17244360995133037,0.0,2.6354212372466863,4.743443309820727,1.0002017708223523,8.545966329966335,0.0
5,1,10,capacity_corrected,0.17244360995133037,698,0.17244360995133037,0.0,2.645266151421952,4.776344484561277,0.9984786639308325,8.546936026936033,0.0
5,1,10,original,0.17244360995133037,698,0.17244360995133037,0.0,2.645266151421952,4.776344484561277,0.9984786639308325,8.546936026936033,0.0
5,1,5,capacity_corrected,0.08622180497566519,698,0.17244360995133037,0.0,2.638281705115453,4.754073755497052,0.9993402173765924,8.546303030303037,0.0
5,1,5,original,0.08622180497566519,698,0.17244360995133037,0.0,2.638281705115453,4.754073755497052,0.9993402173765924,8.546303030303037,0.0
5,2,0,capacity_corrected,0.0,698,0.17244360995133037,0.0,2.63564907421671,4.742730134420756,1.0002017708223523,8.547023569023574,0.0
5,2,0,original,0.0,698,0.17244360995133037,0.0,2.63564907421671,4.742730134420756,1.0002017708223523,8.547023569023574,0.0
5,2,10,capacity_corrected,0.17244360995133037,698,0.17244360995133037,0.0,2.644353488151283,4.774960814192181,0.9984786639308325,8.546659932659939,0.0
5,2,10,original,0.17244360995133037,698,0.17244360995133037,0.0,2.644353488151283,4.774960814192181,0.9984786639308325,8.546659932659939,0.0
5,2,5,capacity_corrected,0.08622180497566519,698,0.17244360995133037,0.0,2.638218591156258,4.753451160499788,0.9993402173765924,8.546363636363642,0.0
5,2,5,original,0.08622180497566519,698,0.17244360995133037,0.0,2.638218591156258,4.753451160499788,0.9993402173765924,8.546363636363642,0.0
5,3,0,capacity_corrected,0.0,698,0.17244360995133037,0.0,2.6357230780059595,4.744096939672011,1.0002017708223523,8.546646464646471,0.0
5,3,0,original,0.0,698,0.17244360995133037,0.0,2.6357230780059595,4.744096939672011,1.0002017708223523,8.546646464646471,0.0
5,3,10,capacity_corrected,0.17244360995133037,698,0.17244360995133037,0.0,2.6448654615396348,4.776827979319625,0.9984786639308325,8.547010101010107,0.0
5,3,10,original,0.17244360995133037,698,0.17244360995133037,0.0,2.6448654615396348,4.776827979319625,0.9984786639308325,8.547010101010107,0.0
5,3,5,capacity_corrected,0.08622180497566519,698,0.17244360995133037,0.0,2.637971860848325,4.755012193798003,0.9993402173765924,8.546612794612802,0.0
5,3,5,original,0.08622180497566519,698,0.17244360995133037,0.0,2.637971860848325,4.755012193798003,0.9993402173765924,8.546612794612802,0.0
