rate_mbps,method,power_w,violation_percent,p90_proxy_ms,p99_proxy_ms,macro_association_percent,pilots_per_vehicle_slot
1,current,6.046731543624159,0.017398084357931085,15.778,18.66,0.43083286146877076,1.0045969975142193
1,slot_cross5,1.8515637583892657,0.0015084055179292472,16.185000000000002,18.852,0.06893325783500333,4.9959572101295615
1,meet,5.439107382550336,0.251467085764432,16.953,18.932000000000002,0.07139515990053916,1.0657276353521126
5,current,17.545187919463075,0.045787372180075184,3.8645975460742834,4.355211942431683,1.1275511460154115,0.9973910475203177
5,slot_cross5,8.197120805369133,0.0,3.999,4.4150026031717875,0.06893325783500333,4.996206338030008
5,meet,10.946765100671142,0.21686085484433718,4.027,5.0148,0.07631896403161083,1.06449403759883
15,current,52.60379865771819,0.18706361545356748,1.777634703673832,2.171234256607233,3.097072798444078,0.9777305939525771
15,slot_cross5,26.998892617449684,0.0,1.9608553757391374,2.0959769639176633,0.06893325783500333,4.996194618441201
15,meet,26.84885906040269,0.2262067297538081,2.001210004630637,2.188678619444415,0.09109037642482581,1.063794877535532
21,current,108.11837583892594,1.2879976698323243,1.4894507502650738,38.34793316267034,12.75019079741008,0.8810327079121466
21,slot_cross5,39.81495302013424,0.06015869990176747,1.4816130415460294,1.7158657327812767,0.1575617321942933,4.991886474180416
21,meet,38.12318120805369,0.25259066064524893,1.4741742777935156,1.8203654529594533,0.14032841773554247,1.0655143867135362
25,current,150.57801342281851,3.8311715035852365,1.4785168486524227,411.2207059471559,19.138826657475565,0.8159742782641314
25,slot_cross5,65.88940268456375,0.2938646997962779,1.3877407422539882,1.636207430119308,3.7864053767941113,4.810092785889672
25,meet,66.28012751677853,0.18844611647720064,1.408975401495726,1.661015567042038,4.355104753932888,1.0186415897944054
29,current,177.15328187919425,10.043437411638214,21.917468235187812,3104.470485742523,22.63472759053645,0.7800100887192295
29,slot_cross5,135.848630872483,0.9194666053033543,1.3476843451014968,15.014767241379117,13.690637386444767,4.315757160561709
29,meet,127.7408456375839,0.19365787659581438,1.3402133430214842,1.5415196229756942,13.61185652034762,0.9161803689577146
