rate_mbps,variant,macro_association_percent,mean_proxy_ms,mean_serving_gain_db,micro_probes_per_active_slot,p90_proxy_ms,p99_proxy_ms,pilots_per_vehicle_slot,power_w,violation_percent,within_frame_beam_changes,elapsed_s,micro_probe_overhead_percent
1,report_hold,2.961668184839607,9.63955482823147,-82.86942853548452,1.0400486688460961,16.44880637927469,18.916999999999998,1.0078696478448586,5.717322147651008,0.22644761703677208,0,96.10796658601612,1.8572297657966002
1,hier32_hold,3.495900933060883,9.506688614815841,-83.31342655421386,1.3104395365769541,16.117,18.896,1.2626266414645932,6.0138590604026865,0.2392592445346901,0,108.48854319000384,2.3400706010302748
1,hier32_cross5,3.7051626086314284,9.339848548571203,-82.884161968926,5.270343510571033,15.995,18.838,5.0677097327919585,6.066993288590605,0.23384099804775338,70282,116.97242400603136,9.411327697448273
1,meet_cobra_reference,0.07139515990053916,10.144334853146455,,,16.953,18.932000000000002,1.0657276353521126,5.439107382550336,0.251467085764432,,,
5,report_hold,0.5366946502868116,3.0738673754882093,-82.23513706425723,1.0400146584724486,4.0248,5.0098,1.0340514775693777,11.049791946308728,0.21942698197269958,0,95.48015837097773,1.8571690329865154
5,hier32_hold,0.5366946502868116,3.0463952449626146,-82.55329538792158,1.310113603161476,4.0218,5.0022,1.3026019522460277,11.307469798657722,0.21535869886993098,0,109.03231089701876,2.3394885770740643
5,hier32_cross5,0.6228612225805658,2.9314493283183096,-82.35120476439756,5.270099699884266,3.995,4.427503458303925,5.235318258870313,11.776100671140945,0.21344885349825715,69100,115.8971443810151,9.410892321221905
5,meet_cobra_reference,0.07631896403161083,3.1053524311111556,,,4.027,5.0148,1.06449403759883,10.946765100671142,0.21686085484433718,,,
15,report_hold,0.7459563258573574,1.993055340051983,-82.15234701177127,1.0400115123907068,2.0014666666666665,2.1779993147778924,1.0319498443544168,29.0976711409396,0.21342307494360002,0,96.61858116701478,1.857163414983405
15,hier32_hold,0.7459563258573574,1.9809241207812336,-82.44925857100488,1.3100953760954357,2.0005333333333333,2.1753540468591233,1.2999152437485517,29.764610738255037,0.21359615263688922,0,109.28767637297278,2.3394560287418495
15,hier32_cross5,0.9675275117555824,1.9084768884262298,-82.2552366598942,5.270079225746129,1.9043636846658052,2.1046659885971395,5.2174964447794805,32.40336241610739,0.21920542414461475,68169,115.50057643500622,9.410855760260946
15,meet_cobra_reference,0.09109037642482581,1.936248276505064,,,2.001210004630637,2.188678619444415,1.063794877535532,26.84885906040269,0.2262067297538081,,,
21,report_hold,1.6765553066299022,1.906229813472093,-82.09103653428744,1.0400108196918392,1.4738620258117539,1.7655035792571383,1.0222890687063966,44.87410738255034,0.23904437639049322,0,97.71699348202674,1.8571621780211414
21,hier32_hold,2.5283734213053006,1.9143506029594604,-82.34857450045445,1.310086152446881,1.4686023178352714,1.837645178512922,1.2766839294366426,49.47304697986578,0.24691977638516377,0,109.7701997969998,2.339439557940859
21,hier32_cross5,3.200472685196583,1.9340812528712956,-82.12608806519171,5.2700721218057165,1.4696317417477125,1.795959268459614,5.100507397510387,55.17810738255034,0.2544632034609339,66307,117.42449393798597,9.410843074653064
21,meet_cobra_reference,0.14032841773554247,1.8775645793117914,,,1.4741742777935156,1.8203654529594533,1.0655143867135362,38.12318120805369,0.25259066064524893,,,
25,report_hold,4.448657032423251,2.4309349993177385,-81.90560039788448,1.0400120617624091,1.4223468920957834,1.6745768682371216,0.9936932268113416,67.66742281879193,0.41016448345209705,0,96.99435423902469,1.857164396004302
25,hier32_hold,5.261084714050075,2.493358123764682,-82.11295336555513,1.3100958926542952,1.4192246264385309,1.9939200000000001,1.241072442241859,72.59969798657718,0.4339968762678758,0,109.82123795402003,2.3394569511683843
25,hier32_cross5,8.523104950885054,2.6675858037906695,-81.76203129548479,5.270090134232163,1.380416412724201,1.9908000000000001,4.81957205898011,91.32320134228189,0.4715044975915293,60344,117.08406961499713,9.41087523970029
25,meet_cobra_reference,4.355104753932888,1.5977177973487644,,,1.408975401495726,1.661015567042038,1.0186415897944054,66.28012751677853,0.18844611647720064,,,
29,report_hold,9.963317659223517,3.0930807947340027,-81.43268930641675,1.0400160843388324,1.349161986834368,1.5854434553602892,0.9362316531359899,108.75782550335569,0.5832284605610933,0,97.73989822895965,1.8571715791764862
29,hier32_hold,10.674807356163372,3.148279321706771,-81.67732404599191,1.3101273570989382,1.3507104291211471,2.0259643100700635,1.1700242003981896,114.04609395973156,0.6212054633441473,0,110.86559949396178,2.3395131376766756
29,hier32_cross5,14.09685122725818,3.408776142434648,-81.19826242085918,5.270137031079303,1.3323061755781742,3.0279584856080577,4.526722545833311,135.52697315436242,0.7858741493926594,54193,119.15601274801884,9.410958984070183
29,meet_cobra_reference,13.61185652034762,1.4961142284840117,,,1.3402133430214842,1.5415196229756942,0.9161803689577146,127.7408456375839,0.19365787659581438,,,
